[
  {
    "ritm": "Created on request based on mail thread <RE: Launch360 - Cross Region Replication - Snowflake Refinement - Sense>",
    "uc_name": "LAUNCH360",
    "db_name": "DRUG_DEVELOPMENT_REFINEMENT",
    "table_list": [ "METRIC_DETAIL", "STUDY_EVENT_METRIC" ],
    "schema_name": "CLINICAL_OPERATIONS_CONSOL",
    "dest_schema": "DRUG_DEVELOPMENT_REFINEMENT.CLINICAL_OPERATIONS_CONSOL",
    "dest_role_name": "F1_DEV_SNO_US_L360_DATA_ENGINEER",
    "wh_name_in_source": "L360_WH_S",
    "wh_name_in_destination": "L360_WH_S"
  },
  {
    "ritm": "Created on request based on mail thread <RE: Launch360 - Cross Region Replication - Snowflake Refinement - Sense>",
    "uc_name": "LAUNCH360",
    "db_name": "DRUG_DEVELOPMENT_REFINEMENT",
    "table_list": [ "METRIC_DETAIL", "STUDY_EVENT_METRIC" ],
    "schema_name": "CLINICAL_OPERATIONS_CONSOL",
    "dest_schema": "DRUG_DEVELOPMENT_REFINEMENT.CLINICAL_OPERATIONS_CONSOL",
    "dest_role_name": "F1_PRD_SNO_US_L360_DATA_ENGINEER",
    "wh_name_in_source": "L360_WH_S",
    "wh_name_in_destination": "L360_WH_S"
  },
  {
    "ritm": "Created on request based on mail thread <RE: Launch360 - Cross Region Replication - Snowflake Refinement - Sense>",
    "uc_name": "LAUNCH360",
    "db_name": "DRUG_DEVELOPMENT_REFINEMENT",
    "table_list": [ "METRIC_DETAIL", "STUDY_EVENT_METRIC" ],
    "schema_name": "CLINICAL_OPERATIONS_CONSOL",
    "dest_schema": "DRUG_DEVELOPMENT_REFINEMENT.CLINICAL_OPERATIONS_CONSOL",
    "dest_role_name": "F1_QA_SNO_US_L360_DATA_ENGINEER",
    "wh_name_in_source": "L360_WH_S",
    "wh_name_in_destination": "L360_WH_S"
  }
]