[
	{
		"host": "nvs8prdeuwest1.eu-west-1.snowflakecomputing.com",
		"port": 443,
		"type": "SNOWFLAKE_DEPLOYMENT"
	},
	{
		"host": "gyfivhv-nvs8prdeuwest1.snowflakecomputing.com",
		"port": 443,
		"type": "SNOWFLAKE_DEPLOYMENT_REGIONLESS"
	},
	{
		"host": "sfc-ie-ds1-7-customer-stage.s3.amazonaws.com",
		"port": 443,
		"type": "STAGE"
	},
	{
		"host": "sfc-ie-ds1-7-customer-stage.s3.eu-west-1.amazonaws.com",
		"port": 443,
		"type": "STAGE"
	},
	{
		"host": "sfc-ie-ds1-7-customer-stage.s3-eu-west-1.amazonaws.com",
		"port": 443,
		"type": "STAGE"
	},
	{
		"host": "sfc-repo.snowflakecomputing.com",
		"port": 443,
		"type": "SNOWSQL_REPO"
	},
	{
		"host": "client-telemetry.snowflakecomputing.com",
		"port": 443,
		"type": "OUT_OF_BAND_TELEMETRY"
	},
	{
		"host": "ocsp.snowflakecomputing.com",
		"port": 80,
		"type": "OCSP_CACHE"
	},
	{
		"host": "api-a9196326.duosecurity.com",
		"port": 443,
		"type": "DUO_SECURITY"
	},
	{
		"host": "GYFIVHV-NVS8PRDEUWEST1.registry.snowflakecomputing.com",
		"port": 443,
		"type": "SPCS_REGISTRY_REGIONLESS"
	},
	{
		"host": "ocsp.rootca1.amazontrust.com",
		"port": 80,
		"type": "OCSP_RESPONDER"
	},
	{
		"host": "ocsp.r2m01.amazontrust.com",
		"port": 80,
		"type": "OCSP_RESPONDER"
	},
	{
		"host": "o.ss2.us",
		"port": 80,
		"type": "OCSP_RESPONDER"
	},
	{
		"host": "ocsp.rootg2.amazontrust.com",
		"port": 80,
		"type": "OCSP_RESPONDER"
	},
	{
		"host": "app.snowflake.com",
		"port": 443,
		"type": "SNOWSIGHT_DEPLOYMENT"
	},
	{
		"host": "apps-api.c1.eu-west-1.aws.app.snowflake.com",
		"port": 443,
		"type": "SNOWSIGHT_DEPLOYMENT"
	},
	{
		"regionless-snowsight-privatelink-url": "app-gyfivhv-nvs8prdeuwest1.privatelink.snowflakecomputing.com",
		"privatelink-account-name": "nvs8prdeuwest1.eu-west-1.privatelink",
		"privatelink-vpce-id": "com.amazonaws.vpce.eu-west-1.vpce-svc-03594486c11f7955a",
		"snowsight-privatelink-url": "app.eu-west-1.privatelink.snowflakecomputing.com",
		"regionless-privatelink-ocsp-url": "ocsp.gyfivhv-nvs8prdeuwest1.privatelink.snowflakecomputing.com",
		"privatelink-account-url": "nvs8prdeuwest1.eu-west-1.privatelink.snowflakecomputing.com",
		"privatelink-connection-ocsp-urls": "[]",
		"regionless-privatelink-account-url": "gyfivhv-nvs8prdeuwest1.privatelink.snowflakecomputing.com",
		"privatelink_ocsp-url": "ocsp.nvs8prdeuwest1.eu-west-1.privatelink.snowflakecomputing.com",
		"privatelink-connection-urls": "[]"
	}
]