[
  {

      "APP_ID": "45186",
      "APP_NAME": "ACTalya",
      "COST_CENTER": "45186",
      "DESCRIPTION": "ACTalya is not a Novartis IT application, but rather a bundle of internal IT services and IT systems required to enable the capabilities that AKTANA business service can deliver (a decision support engine that provides ‘smart’ and easy-to-interpret recomm",
      "LAYER": "PUBLISH",
      "OWNER": "KHIZAR.JAN@NOVARTIS.COM",
      "SUBJECT_AREA": "N/A",
      "USE_CASE": "ACTalya",
      "WAREHOUSE_NAME": "ACTALYA_WH_M"

  },
  {

      "APP_ID": "50544",
      "APP_NAME": "ATTEST",
      "COST_CENTER": "091915",
      "DESCRIPTION": "As a part of Publish",
      "LAYER": "PUBLISH",
      "OWNER": "sammilan.dey@novartis.com",
      "SUBJECT_AREA": "NA",
      "USE_CASE": "ATTEST",
      "WAREHOUSE_NAME": "ATT_WH_S"

  },
  {

      "APP_ID": "null",
      "APP_NAME": "GTX",
      "COST_CENTER": "null",
      "DESCRIPTION": "null",
      "LAYER": "null",
      "OWNER": "null",
      "SUBJECT_AREA": "SUBJECT_AREA",
      "USE_CASE": "null",
      "WAREHOUSE_NAME": "AVEXIS_WH_M"

  },
  {

      "APP_ID": "45165",
      "APP_NAME": "BIONET",
      "COST_CENTER": "45165",
      "DESCRIPTION": "As a part of refinement layer",
      "LAYER": "REFINEMENT",
      "OWNER": "adela.perijoc_ext@novartis.com",
      "SUBJECT_AREA": "NA",
      "USE_CASE": "BIONET",
      "WAREHOUSE_NAME": "BIONET_WH_M"

  },
  {

      "APP_ID": "44828",
      "APP_NAME": "ERC",
      "COST_CENTER": "44828",
      "DESCRIPTION": "null",
      "LAYER": "PUBLISH",
      "OWNER": "balaji.mugunthan@novartis.com",
      "SUBJECT_AREA": "SUBJECT_AREA",
      "USE_CASE": "ERC",
      "WAREHOUSE_NAME": "CBS_EU_IM_ERC_WH_M"

  },
  {

      "APP_ID": "null",
      "APP_NAME": "PDLPHASE2",
      "COST_CENTER": "PRJ0177933",
      "DESCRIPTION": "null",
      "LAYER": "null",
      "OWNER": "harish.jangala@novartis.com",
      "SUBJECT_AREA": "PROCUREMENT_REFINEMENT",
      "USE_CASE": "null",
      "WAREHOUSE_NAME": "CBS_EU_PDLPHASE2_WH1"

  },
  {

      "APP_ID": "45879",
      "APP_NAME": "GHIC",
      "COST_CENTER": "45879",
      "DESCRIPTION": "null",
      "LAYER": "PUBLISH",
      "OWNER": "hussam.haider@novartis.com",
      "SUBJECT_AREA": "GHIC",
      "USE_CASE": "GHIC",
      "WAREHOUSE_NAME": "CBS_EU_PHARMA_GHIC_WH_M"

  },
  {

      "APP_ID": "45879",
      "APP_NAME": "GHCR",
      "COST_CENTER": "45879",
      "DESCRIPTION": "null",
      "LAYER": "PUBLISH",
      "OWNER": "laurent.marrou@novartis.com",
      "SUBJECT_AREA": "GHCR",
      "USE_CASE": "GHIC",
      "WAREHOUSE_NAME": "CBS_EU_PHARMA_GHIC_WH_S"

  },
  {

      "APP_ID": "PRJ0178169",
      "APP_NAME": "SUPPLIER_INVOICE_PORTAL",
      "COST_CENTER": "PRJ0178169",
      "DESCRIPTION": "null",
      "LAYER": "PUBLISH",
      "OWNER": "harish.jangala@novartis.com",
      "SUBJECT_AREA": "PROCUREMENT_PUBLISH",
      "USE_CASE": "SUPPLIER_INVOICE_PORTAL",
      "WAREHOUSE_NAME": "CBS_EU_SIPPUB_WH1"

  },
  {

      "APP_ID": "PRJ0358081",
      "APP_NAME": "ISRMIPE",
      "COST_CENTER": "PRJ0358081",
      "DESCRIPTION": "null",
      "LAYER": "PUBLISH",
      "OWNER": "sridhar.vadaga@novartis.com",
      "SUBJECT_AREA": "ISRMIPE",
      "USE_CASE": "ISRMIPE",
      "WAREHOUSE_NAME": "CBS_EU_WH1"

  },
  {

      "APP_ID": "50761",
      "APP_NAME": "NCC",
      "COST_CENTER": "50761",
      "DESCRIPTION": "As part of publish layer - Anomaly Detection - NCC Spend Analysis",
      "LAYER": "PUBLISH",
      "OWNER": "eva.kadlecova@novartis.com",
      "SUBJECT_AREA": "NA",
      "USE_CASE": "NCC Spend Analysis",
      "WAREHOUSE_NAME": "CBS_GBL_PHARMA_AD_WH1"

  },
  {

      "APP_ID": "null",
      "APP_NAME": "null",
      "COST_CENTER": "null",
      "DESCRIPTION": "null",
      "LAYER": "null",
      "OWNER": "null",
      "SUBJECT_AREA": "null",
      "USE_CASE": "null",
      "WAREHOUSE_NAME": "CBS_GLB_GHCA_CON_REP_WH1"

  },
  {

      "APP_ID": "null",
      "APP_NAME": "null",
      "COST_CENTER": "null",
      "DESCRIPTION": "null",
      "LAYER": "null",
      "OWNER": "null",
      "SUBJECT_AREA": "null",
      "USE_CASE": "null",
      "WAREHOUSE_NAME": "CBS_GLB_GHCA_CON_SRC_WH1"

  },
  {

      "APP_ID": "null",
      "APP_NAME": "null",
      "COST_CENTER": "null",
      "DESCRIPTION": "null",
      "LAYER": "null",
      "OWNER": "null",
      "SUBJECT_AREA": "null",
      "USE_CASE": "null",
      "WAREHOUSE_NAME": "CBS_GLB_GHCA_CON_WH1"

  },
  {

      "APP_ID": "null",
      "APP_NAME": "null",
      "COST_CENTER": "null",
      "DESCRIPTION": "null",
      "LAYER": "null",
      "OWNER": "null",
      "SUBJECT_AREA": "null",
      "USE_CASE": "null",
      "WAREHOUSE_NAME": "CBS_GLB_GHCA_DI_WH1"

  },
  {

      "APP_ID": "null",
      "APP_NAME": "GAIA_Predictive_Finance",
      "COST_CENTER": "092744",
      "DESCRIPTION": "null",
      "LAYER": "null",
      "OWNER": "vikram.srivastava@novartis.com",
      "SUBJECT_AREA": "FINANCE",
      "USE_CASE": "GAIA_DF",
      "WAREHOUSE_NAME": "CBS_GLB_IM_GAIA_DF_CONF_WH1"

  },
  {

      "APP_ID": "PRJ0177830",
      "APP_NAME": "DigitalFinance_DataLake",
      "COST_CENTER": "092744",
      "DESCRIPTION": "null",
      "LAYER": "PUBLISH",
      "OWNER": "vikram.srivastava@novartis.com",
      "SUBJECT_AREA": "Finance",
      "USE_CASE": "GAIA_PLAI",
      "WAREHOUSE_NAME": "CBS_GLB_IM_GAIA_PLAI_DE_WH1"

  },
  {

      "APP_ID": "PRJ0177830",
      "APP_NAME": "DigitalFinance_DataLake",
      "COST_CENTER": "092744",
      "DESCRIPTION": "null",
      "LAYER": "PUBLISH",
      "OWNER": "vikram.srivastava@novartis.com",
      "SUBJECT_AREA": "Finance",
      "USE_CASE": "GAIA_PLAI",
      "WAREHOUSE_NAME": "CBS_GLB_IM_GAIA_PLAI_REP_WH2"

  },
  {

      "APP_ID": "50526",
      "APP_NAME": "GAIA",
      "COST_CENTER": "091528",
      "DESCRIPTION": "As a part of publish layer architecture for usecase",
      "LAYER": "PUBLISH",
      "OWNER": "javier.aloy@novartis.com",
      "SUBJECT_AREA": "NA",
      "USE_CASE": "Finance - IM (Innovative Medicines)",
      "WAREHOUSE_NAME": "CBS_GLB_IM_GAIA_PRED_REP_WH1"

  },
  {

      "APP_ID": "50526",
      "APP_NAME": "GAIA",
      "COST_CENTER": "091528",
      "DESCRIPTION": "As a part of publish layer architecture for usecase",
      "LAYER": "PUBLISH",
      "OWNER": "javier.aloy@novartis.com",
      "SUBJECT_AREA": "NA",
      "USE_CASE": "GAIA",
      "WAREHOUSE_NAME": "CBS_GLB_IM_GAIA_PRED_SRC_WH1"

  },
  {

      "APP_ID": "52007",
      "APP_NAME": "Apollo",
      "COST_CENTER": "091532",
      "DESCRIPTION": "As a part of publish layer architecture for usecase",
      "LAYER": "PUBLISH",
      "OWNER": "david.gonzalez_redondo@novartis.com",
      "SUBJECT_AREA": "NA",
      "USE_CASE": "CBS SZ Finance Perf. Mgmt. Product Line",
      "WAREHOUSE_NAME": "CBS_GLB_SZ_APOLLO_PRED_SFC_WH1"

  },
  {

      "APP_ID": "52007",
      "APP_NAME": "Apollo",
      "COST_CENTER": "091532",
      "DESCRIPTION": "As a part of publish layer architecture for usecase",
      "LAYER": "PUBLISH",
      "OWNER": "david.gonzalez_redondo@novartis.com",
      "SUBJECT_AREA": "NA",
      "USE_CASE": "CBS SZ Finance Perf. Mgmt. Product Line",
      "WAREHOUSE_NAME": "CBS_GLB_SZ_APOLLO_PRED_SFC_WH2"

  },
  {

      "APP_ID": "52959",
      "APP_NAME": "CDHIM",
      "COST_CENTER": "PRJ0198697",
      "DESCRIPTION": "null",
      "LAYER": "REFINEMENT",
      "OWNER": "chen_nee.cheah@novartis.com",
      "SUBJECT_AREA": "SUBJECT_AREA",
      "USE_CASE": "CDHIM",
      "WAREHOUSE_NAME": "CDHIM_WH_M"

  },
  {

      "APP_ID": "44730",
      "APP_NAME": "DICE",
      "COST_CENTER": "44730",
      "DESCRIPTION": "As a part of refinement/publish layer",
      "LAYER": "REFINEMENT, PUBLISH",
      "OWNER": "jaydip.mitra_ext@novartis.com",
      "SUBJECT_AREA": "CUSTOMER_ACTION, ALIGNMENT",
      "USE_CASE": "DICE",
      "WAREHOUSE_NAME": "COM_EU_PHARMA_DICE_WH1"

  },
  {

      "APP_ID": "46107",
      "APP_NAME": "NGE_DIGITAL",
      "COST_CENTER": "46107",
      "DESCRIPTION": "As part of Publish Layer",
      "LAYER": "PUBLISH",
      "OWNER": "philipp.andris@novartis.com,gasser.hamza@novartis.com",
      "SUBJECT_AREA": "PH_COM_PUB_NGEDIGITAL",
      "USE_CASE": "NGE_DIGITAL",
      "WAREHOUSE_NAME": "COM_EU_PHARMA_NGEDIGITAL_WH1"

  },
  {

      "APP_ID": "PRJ0476766",
      "APP_NAME": "RDA",
      "COST_CENTER": "PRJ0476766",
      "DESCRIPTION": "null",
      "LAYER": "PUBLISH",
      "OWNER": "pavan.mangavalli@novartis.com",
      "SUBJECT_AREA": "NA",
      "USE_CASE": "RUSSIAN_DATAANALYTICS",
      "WAREHOUSE_NAME": "COM_EU_PHARMA_RUSSIAN_DATAANALYTICS_WH_M"

  },
  {

      "APP_ID": "53089",
      "APP_NAME": "Medical Data Hub",
      "COST_CENTER": "53089",
      "DESCRIPTION": "null",
      "LAYER": "Publish",
      "OWNER": "denis.ali@novartis.com",
      "SUBJECT_AREA": "Medical Expert",
      "USE_CASE": "ME360",
      "WAREHOUSE_NAME": "COM_GLB_MED_EX_WH1"

  },
  {

      "APP_ID": "50263",
      "APP_NAME": "CULTURE_SENSE",
      "COST_CENTER": "089732",
      "DESCRIPTION": "As a part of refinement",
      "LAYER": "REFINEMENT",
      "OWNER": "AUDITYA_VENKATA.VINNAKOTA@NOVARTIS.COM",
      "SUBJECT_AREA": "PEOPLE_AND_ORGANIZATION",
      "USE_CASE": "CSENSE",
      "WAREHOUSE_NAME": "CSENSE_WH_M"

  },
  {

      "APP_ID": "50263",
      "APP_NAME": "CULTURE_SENSE",
      "COST_CENTER": "089732",
      "DESCRIPTION": "As a part of refinement",
      "LAYER": "REFINEMENT",
      "OWNER": "AUDITYA_VENKATA.VINNAKOTA@NOVARTIS.COM",
      "SUBJECT_AREA": "PEOPLE_AND_ORGANIZATION",
      "USE_CASE": "CSENSE",
      "WAREHOUSE_NAME": "CSENSE_WH_S"

  },
  {

      "APP_ID": "50483",
      "APP_NAME": "AAAPH2",
      "COST_CENTER": "PRJ0177698",
      "DESCRIPTION": "null",
      "LAYER": "PUBLISH",
      "OWNER": "alejandra.hernandez@novartis.com",
      "SUBJECT_AREA": "Marketing_and_Sales",
      "USE_CASE": "AAA",
      "WAREHOUSE_NAME": "CUST_GLOBAL_AAA_WH1"

  },
  {

      "APP_ID": "null",
      "APP_NAME": "null",
      "COST_CENTER": "null",
      "DESCRIPTION": "null",
      "LAYER": "null",
      "OWNER": "null",
      "SUBJECT_AREA": "null",
      "USE_CASE": "null",
      "WAREHOUSE_NAME": "CWB_WH"

  },
  {

      "APP_ID": "092241",
      "APP_NAME": "CWB",
      "COST_CENTER": "092241",
      "DESCRIPTION": "NULL",
      "LAYER": "REFINEMENT, PUBLISH",
      "OWNER": "stephane.morel@novartis.com",
      "SUBJECT_AREA": "NA",
      "USE_CASE": "CWB",
      "WAREHOUSE_NAME": "CWB_WH_M"

  },
  {

      "APP_ID": "092241",
      "APP_NAME": "CWB",
      "COST_CENTER": "092241",
      "DESCRIPTION": "NULL",
      "LAYER": "REFINEMENT, PUBLISH",
      "OWNER": "stephane.morel@novartis.com",
      "SUBJECT_AREA": "NA",
      "USE_CASE": "CWB",
      "WAREHOUSE_NAME": "CWB_WH_S"

  },
  {

      "APP_ID": "052015",
      "APP_NAME": "DCCM",
      "COST_CENTER": "092276",
      "DESCRIPTION": "null",
      "LAYER": "Publish",
      "OWNER": "marco.danieli@novartis.com",
      "SUBJECT_AREA": "null",
      "USE_CASE": "DCCM",
      "WAREHOUSE_NAME": "DCCM_WH_M"

  },
  {

      "APP_ID": "45879",
      "APP_NAME": "F1_ANALYTICS",
      "COST_CENTER": "45879",
      "DESCRIPTION": "Warehouse used for demo and testing",
      "LAYER": "CONSOLIDATED",
      "OWNER": "vasant.desai@novartis.com",
      "SUBJECT_AREA": "F1_PLATFORM",
      "USE_CASE": "F1_PLATFORM",
      "WAREHOUSE_NAME": "DEMO_WH"

  },
  {

      "APP_ID": "44730",
      "APP_NAME": "DICE",
      "COST_CENTER": "44730",
      "DESCRIPTION": "As a part of refinement/publish layer",
      "LAYER": "REFINEMENT, PUBLISH",
      "OWNER": "richard.rolle@novartis.com",
      "SUBJECT_AREA": "CUSTOMER_ACTION, ALIGNMENT",
      "USE_CASE": "DICE",
      "WAREHOUSE_NAME": "DICE_WH_M"

  },
  {

      "APP_ID": "46011",
      "APP_NAME": "DMBB",
      "COST_CENTER": "083674",
      "DESCRIPTION": "As a part of refinement layer",
      "LAYER": "REFINEMENT",
      "OWNER": "rajat.gupta@novartis.com",
      "SUBJECT_AREA": "NA",
      "USE_CASE": "DMBB",
      "WAREHOUSE_NAME": "DMBB_WH_S"

  },
  {

      "APP_ID": "45879",
      "APP_NAME": "IDQ - Informatica",
      "COST_CENTER": "45879",
      "DESCRIPTION": "IDQ WH For refinement layer",
      "LAYER": "REFINEMENT",
      "OWNER": "amitesh.srivastava@novartis.com",
      "SUBJECT_AREA": "NA",
      "USE_CASE": "DQS",
      "WAREHOUSE_NAME": "DQS_WH_M"

  },
  {

      "APP_ID": "null",
      "APP_NAME": "null",
      "COST_CENTER": "null",
      "DESCRIPTION": "null",
      "LAYER": "null",
      "OWNER": "null",
      "SUBJECT_AREA": "null",
      "USE_CASE": "null",
      "WAREHOUSE_NAME": "EDM_DE_WH_S"

  },
  {

      "APP_ID": "44828",
      "APP_NAME": "ERC_W2",
      "COST_CENTER": "44828",
      "DESCRIPTION": "As part of publish",
      "LAYER": "PUBLISH",
      "OWNER": "veronica.breene@novartis.com",
      "SUBJECT_AREA": "GHCA",
      "USE_CASE": "ERC_W2",
      "WAREHOUSE_NAME": "ERCW2_WH_S"

  },
  {

      "APP_ID": "50687",
      "APP_NAME": "ESG",
      "COST_CENTER": "092063",
      "DESCRIPTION": "As a part of Refinement/Publish",
      "LAYER": "REFINEMENT, PUBLISH",
      "OWNER": "mihaela.idorasi-leinenbach@novartis.com",
      "SUBJECT_AREA": "SUSTAINABILITY",
      "USE_CASE": "ESG_Reporting",
      "WAREHOUSE_NAME": "ESG_REPORTING_WH_S"

  },
  {

      "APP_ID": "50687",
      "APP_NAME": "ESG",
      "COST_CENTER": "092063",
      "DESCRIPTION": "As a part of Refinement/Publish",
      "LAYER": "REFINEMENT, PUBLISH",
      "OWNER": "mihaela.idorasi-leinenbach@novartis.com",
      "SUBJECT_AREA": "SUSTAINABILITY",
      "USE_CASE": "ESG_Reporting",
      "WAREHOUSE_NAME": "ESG_WH_S"

  },
  {

      "APP_ID": "50963",
      "APP_NAME": "ES",
      "COST_CENTER": "092340",
      "DESCRIPTION": "As a part of Publish",
      "LAYER": "PUBLISH",
      "OWNER": "sara_kasae.araya@novartis.com",
      "SUBJECT_AREA": "SUSTAINABILITY",
      "USE_CASE": "ES_Reporting",
      "WAREHOUSE_NAME": "ES_WH_S"

  },
  {

      "APP_ID": "null",
      "APP_NAME": "null",
      "COST_CENTER": "null",
      "DESCRIPTION": "null",
      "LAYER": "null",
      "OWNER": "null",
      "SUBJECT_AREA": "null",
      "USE_CASE": "null",
      "WAREHOUSE_NAME": "F1AIPLAT"

  },
  {

      "APP_ID": "50526",
      "APP_NAME": "GAIA_Predictive_Finance",
      "COST_CENTER": "092744",
      "DESCRIPTION": "null",
      "LAYER": "REFINEMENT",
      "OWNER": "vikram.srivastava@novartis.com",
      "SUBJECT_AREA": "FINANCE",
      "USE_CASE": "GAIA_DF",
      "WAREHOUSE_NAME": "GAIA_DF_WH_M"

  },
  {

      "APP_ID": "050687",
      "APP_NAME": "ESG REPORTING",
      "COST_CENTER": "091637",
      "DESCRIPTION": "null",
      "LAYER": "PUBLISH",
      "OWNER": "MIHAELA.IDORASI-LEINENBACH@NOVARTIS.COM",
      "SUBJECT_AREA": "PEOPLE_AND_ORGANIZATION",
      "USE_CASE": "ESG-HR",
      "WAREHOUSE_NAME": "GCC_WH_M"

  },
  {

      "APP_ID": "45977",
      "APP_NAME": "GCS",
      "COST_CENTER": "45977",
      "DESCRIPTION": "null",
      "LAYER": "PUBLISH",
      "OWNER": "raghav.chintapalli@novartis.com",
      "SUBJECT_AREA": "TRD",
      "USE_CASE": "GCS",
      "WAREHOUSE_NAME": "GDD_EU_GCS_WH_S"

  },
  {

      "APP_ID": "null",
      "APP_NAME": "RADAR",
      "COST_CENTER": "W1-43002.1.01",
      "DESCRIPTION": "null",
      "LAYER": "null",
      "OWNER": "neha.wathore_ext@novartis.com, camelia.das_ext@novartis.com",
      "SUBJECT_AREA": "regulatory_affairs",
      "USE_CASE": "null",
      "WAREHOUSE_NAME": "GDD_EU_RADAR_WH_S"

  },
  {

      "APP_ID": "null",
      "APP_NAME": "null",
      "COST_CENTER": "null",
      "DESCRIPTION": "null",
      "LAYER": "null",
      "OWNER": "null",
      "SUBJECT_AREA": "null",
      "USE_CASE": "null",
      "WAREHOUSE_NAME": "GHIC_WH_M"

  },
  {

      "APP_ID": "50691",
      "APP_NAME": "GTXUS",
      "COST_CENTER": "091892",
      "DESCRIPTION": "NULL",
      "LAYER": "PUBLISH",
      "OWNER": "alejandra.hernandez@novartis.com",
      "SUBJECT_AREA": "NA",
      "USE_CASE": "GTX Avexis US",
      "WAREHOUSE_NAME": "GTXUS_WH"

  },
  {

      "APP_ID": "46063",
      "APP_NAME": "IRISK",
      "COST_CENTER": "087725",
      "DESCRIPTION": "As a part of refinement layer",
      "LAYER": "REFINEMENT",
      "OWNER": "niraj.sawant@novartis.com",
      "SUBJECT_AREA": "QUALITY",
      "USE_CASE": "IRISK",
      "WAREHOUSE_NAME": "IRISK_WH_M"

  },
  {

      "APP_ID": "50599",
      "APP_NAME": "Launch360",
      "COST_CENTER": "50599",
      "DESCRIPTION": "null",
      "LAYER": "REFINEMENT",
      "OWNER": "sanjoy.saha@novartis.com",
      "SUBJECT_AREA": "SUBJECT_AREA",
      "USE_CASE": "L360",
      "WAREHOUSE_NAME": "L360_WH_S"

  },
  {

      "APP_ID": "46376",
      "APP_NAME": "MDICE",
      "COST_CENTER": "010762",
      "DESCRIPTION": "N/A",
      "LAYER": "PUBLISH",
      "OWNER": "RICHARD.ROLLE@NOVARTIS.COM",
      "SUBJECT_AREA": "N/A",
      "USE_CASE": "MDICE",
      "WAREHOUSE_NAME": "MDICE_WH_M"

  },
  {

      "APP_ID": "50611",
      "APP_NAME": "MINERVA",
      "COST_CENTER": "091800",
      "DESCRIPTION": "As a part of refinement/publish layer architecture for usecase",
      "LAYER": "REFINEMENT, PUBLISH",
      "OWNER": "raghuveer.poduri@novartis.com",
      "SUBJECT_AREA": "MARKET_ACCESS_REVENUE_MGMT, MARKET_ACCESS_CONTRACT_MGMT, FINANCE, INTERACTION, CUSTOMER, PRODUCT,  SALES",
      "USE_CASE": "Minerva",
      "WAREHOUSE_NAME": "MINERVA_WH_M"

  },
  {

      "APP_ID": "45879",
      "APP_NAME": "F1_ANALYTICS",
      "COST_CENTER": "45879",
      "DESCRIPTION": "Warehouse used from EBX to SF",
      "LAYER": "CONSOLIDATED",
      "OWNER": "vasant.desai@novartis.com",
      "SUBJECT_AREA": "F1_PLATFORM",
      "USE_CASE": "F1_PLATFORM",
      "WAREHOUSE_NAME": "MONITOR_WH"

  },
  {

      "APP_ID": "46107",
      "APP_NAME": "DEDH - Digital Engagement Data Hub",
      "COST_CENTER": "46107",
      "DESCRIPTION": "DEDH - Digital Engagement Data Hub will include Data Hub and Dashboards for Digital Assets including Website Analytics,, Email campaigns, Social Media, Mobile Applications and more",
      "LAYER": "REFINEMENT",
      "OWNER": "arsalan.khan@novartis.com",
      "SUBJECT_AREA": "Customer, Customer_Action, Product, Employee_Field_Force_Action, Roster, Interaction, Interaction_Planning, Key_Account_Management, Alignment",
      "USE_CASE": "NGEDIGITAL",
      "WAREHOUSE_NAME": "NGEDIGITAL_WH_M"

  },
  {

      "APP_ID": "PRJ0177915",
      "APP_NAME": "SAPCDC",
      "COST_CENTER": "PRJ0177915",
      "DESCRIPTION": "null",
      "LAYER": "REFINEMENT",
      "OWNER": "arsalan.khan@novartis.com",
      "SUBJECT_AREA": "CUSTOMER_MARKETING_AND_SALES",
      "USE_CASE": "NGE_CPM",
      "WAREHOUSE_NAME": "NGE_CPM_WH_M"

  },
  {

      "APP_ID": "52997",
      "APP_NAME": "NTO-PCE",
      "COST_CENTER": "52997",
      "DESCRIPTION": "N/A",
      "LAYER": "Publish",
      "OWNER": "giorgio.rambelli_ext@novartis.com",
      "SUBJECT_AREA": "N/A",
      "USE_CASE": "NTO-PCE",
      "WAREHOUSE_NAME": "NTOPCE_WH_M"

  },
  {

      "APP_ID": "50955",
      "APP_NAME": "BRH",
      "COST_CENTER": "50955",
      "DESCRIPTION": "null",
      "LAYER": "PUBLISH",
      "OWNER": "OneOps_F1_TechOps_QDL_PRJ_GBL@dl.mgd.novartis.com",
      "SUBJECT_AREA": "BRH",
      "USE_CASE": "BRH",
      "WAREHOUSE_NAME": "NTO_EU_PHARMA_BRH_WH_M"

  },
  {

      "APP_ID": "OBBR50955",
      "APP_NAME": "OBBR",
      "COST_CENTER": "092170",
      "DESCRIPTION": "As part of publish layer",
      "LAYER": "REFINEMENT",
      "OWNER": "tanja.majcen_velecic@novartis.com",
      "SUBJECT_AREA": "OPERATIONS",
      "USE_CASE": "OBBR",
      "WAREHOUSE_NAME": "OBBR_WH_M"

  },
  {

      "APP_ID": "91911",
      "APP_NAME": "OPVLT",
      "COST_CENTER": "091611",
      "DESCRIPTION": "OPV LT F1 project requires a publish layer with storage as per it’s architecture. Hence needs dedicated warehouse for data processing purposes and running batch loads.",
      "LAYER": "PUBLISH",
      "OWNER": "zhanna.mokhava_ext@novartis.com",
      "SUBJECT_AREA": "NA",
      "USE_CASE": "Ongoing Process Verification Long Term",
      "WAREHOUSE_NAME": "OPVLT_WH_M"

  },
  {

      "APP_ID": "91911",
      "APP_NAME": "OPV_MONITOR",
      "COST_CENTER": "091641",
      "DESCRIPTION": "OPV Monitor F1 project requires a refinement layer with Snowflake storage as per it’s architecture. Hence needs dedicated warehouse for data processing purposes and running batch loads and API queries.",
      "LAYER": "REFINEMENT",
      "OWNER": "zhanna.mokhava_ext@novartis.com",
      "SUBJECT_AREA": "MANUFACTURING",
      "USE_CASE": "Ongoing Process Verification Monitor",
      "WAREHOUSE_NAME": "OPV_WH_M"

  },
  {

      "APP_ID": "52986",
      "APP_NAME": "PAYLENS",
      "COST_CENTER": "N/A",
      "DESCRIPTION": "N/A",
      "LAYER": "REFINEMENT",
      "OWNER": "kirankumar.sistu@novartis.com",
      "SUBJECT_AREA": "N/A",
      "USE_CASE": "PAYLENS",
      "WAREHOUSE_NAME": "PAYLENS_WH_M"

  },
  {

      "APP_ID": "52986",
      "APP_NAME": "PAYLENS",
      "COST_CENTER": "N/A",
      "DESCRIPTION": "N/A",
      "LAYER": "REFINEMENT",
      "OWNER": "kirankumar.sistu@novartis.com",
      "SUBJECT_AREA": "N/A",
      "USE_CASE": "PAYLENS",
      "WAREHOUSE_NAME": "PAYLENS_WH_S"

  },
  {

      "APP_ID": "PRJ0177933",
      "APP_NAME": "PDLPHASE2",
      "COST_CENTER": "PRJ0177933",
      "DESCRIPTION": "null",
      "LAYER": "REFINEMENT",
      "OWNER": "harish.jangala@novartis.com",
      "SUBJECT_AREA": "SUBJECT_AREA",
      "USE_CASE": "PDLPHASE2",
      "WAREHOUSE_NAME": "PDLPHASE2_WH_M"

  },
  {

      "APP_ID": "14982",
      "APP_NAME": "CSENSE",
      "COST_CENTER": "089732",
      "DESCRIPTION": "As a part of refinement",
      "LAYER": "REFINEMENT",
      "OWNER": "auditya_venkata.vinnakota@novartis.com",
      "SUBJECT_AREA": "PEOPLE_AND_ORGANIZATION",
      "USE_CASE": "Culture sense",
      "WAREHOUSE_NAME": "PEOPLE_AND_ORGANIZATION_WH_S"

  },
  {

      "APP_ID": "092123",
      "APP_NAME": "POLAND_ONCOLOGY",
      "COST_CENTER": "092123",
      "DESCRIPTION": "As there are no layers involved as per the architecture apart from Publish, the team needs a warehouse to process the data to push it to publish layer to project it on Qlik ",
      "LAYER": "PUBLISH",
      "OWNER": "pavan.mangavalli@novartis.com",
      "SUBJECT_AREA": "NA",
      "USE_CASE": "POLAND_ONCOLOGY",
      "WAREHOUSE_NAME": "PLONCOLOGYDA_WH_M"

  },
  {

      "APP_ID": "50544",
      "APP_NAME": "PNO",
      "COST_CENTER": "091915",
      "DESCRIPTION": "As part of Refinement Process",
      "LAYER": "REFINEMENT",
      "OWNER": "ajay_kumar.gourabathina@novartis.com",
      "SUBJECT_AREA": "IT_SERVICE_MGMT_AND_OPERATIONS_UNIFIED",
      "USE_CASE": "PNO",
      "WAREHOUSE_NAME": "PNO_WH_S"

  },
  {

      "APP_ID": "APPSEC_RETESTING",
      "APP_NAME": "45879",
      "COST_CENTER": "45879",
      "DESCRIPTION": "SF_PT_RESTEST_REQUEST",
      "LAYER": "CONSOLIDATED",
      "OWNER": "vasant.desai@novartis.com",
      "SUBJECT_AREA": "APPSEC_TESTING",
      "USE_CASE": "F1_PLATFORM",
      "WAREHOUSE_NAME": "PTRETEST_WH_S"

  },
  {

      "APP_ID": "PRJ0473644",
      "APP_NAME": "PRJ0473644",
      "COST_CENTER": "PRJ0473644",
      "DESCRIPTION": "null",
      "LAYER": "PUBLISH",
      "OWNER": "richard.rolle@novartis.com",
      "SUBJECT_AREA": "CDH_GERMANY_ONCO_ADHOC_ANALYTICS",
      "USE_CASE": "CDHDEAHA",
      "WAREHOUSE_NAME": "PUBLISH_GERMANY_EU_ONCOLOGY_CDHDEAHA_WH1"

  },
  {

      "APP_ID": "PRJ0491203",
      "APP_NAME": "CDH_GERMANY_PHARMA_ADHOC_ANALYTICS",
      "COST_CENTER": "PRJ0491203",
      "DESCRIPTION": "null",
      "LAYER": "PUBLISH",
      "OWNER": "richard.rolle@novartis.com",
      "SUBJECT_AREA": "CDH_GERMANY_PHARMA_ADHOC_ANALYTICS",
      "USE_CASE": "CDHDEAHA_PH",
      "WAREHOUSE_NAME": "PUBLISH_GERMANY_EU_PHARMA_CDHDEAHA_PH_WH1"

  },
  {

      "APP_ID": "46063",
      "APP_NAME": "IRISK",
      "COST_CENTER": "087725",
      "DESCRIPTION": "As a part of refinement layer",
      "LAYER": "PUBLISH",
      "OWNER": "niraj.sawant@novartis.com",
      "SUBJECT_AREA": "QUALITY",
      "USE_CASE": "IRISK",
      "WAREHOUSE_NAME": "PUBLISH_IRISK_WH_M"

  },
  {

      "APP_ID": "0177960",
      "APP_NAME": "PayLens",
      "COST_CENTER": "0177960",
      "DESCRIPTION": "null",
      "LAYER": "PUBLISH",
      "OWNER": "kirankumar.sistu@novartis.com",
      "SUBJECT_AREA": "REWARDS",
      "USE_CASE": "PayLens",
      "WAREHOUSE_NAME": "PUBLISH_PAYLENS_WH"

  },
  {

      "APP_ID": "46314",
      "APP_NAME": "SNOW",
      "COST_CENTER": "92072",
      "DESCRIPTION": "As a part of Publish Layer",
      "LAYER": "PUBLISH",
      "OWNER": "arindam-1.chakraborty_ext@novartis.com",
      "SUBJECT_AREA": "IT, Busniess Enablement",
      "USE_CASE": "IT Analytics (SNOW@EVICO)",
      "WAREHOUSE_NAME": "PUBLISH_SNOW_WH_M"

  },
  {

      "APP_ID": "44315",
      "APP_NAME": "QANTO",
      "COST_CENTER": "44315",
      "DESCRIPTION": "As a part of Refinement layer",
      "LAYER": "REFINEMENT",
      "OWNER": "niraj.sawant@novartis.com",
      "SUBJECT_AREA": "QUALITY, TECHOPS",
      "USE_CASE": "QANTO",
      "WAREHOUSE_NAME": "QANTO_WH_M"

  },
  {

      "APP_ID": "52939",
      "APP_NAME": "QDL",
      "COST_CENTER": "52939",
      "DESCRIPTION": "null",
      "LAYER": "REFINEMENT",
      "OWNER": "jens.seest@novartis.com",
      "SUBJECT_AREA": "REFINEMENT_OPERATIONS_QUALITY",
      "USE_CASE": "QDL",
      "WAREHOUSE_NAME": "QDL_WH_M"

  },
  {

      "APP_ID": "092072",
      "APP_NAME": "MNA",
      "COST_CENTER": "092072",
      "DESCRIPTION": "As part of refinement layer",
      "LAYER": "REFINEMENT",
      "OWNER": "ajay_kumar.gourabathina@novartis.com",
      "SUBJECT_AREA": "MERGE_AND_ACQUISTIONS",
      "USE_CASE": "MNA",
      "WAREHOUSE_NAME": "REFINEMENT_MNA_WH_S"

  },
  {

      "APP_ID": "46314",
      "APP_NAME": "SNOW",
      "COST_CENTER": "92072",
      "DESCRIPTION": "As a part of REFINEMENT Layer",
      "LAYER": "REFINEMENT",
      "OWNER": "arindam-1.chakraborty_ext@novartis.com",
      "SUBJECT_AREA": "IT, Busniess Enablement",
      "USE_CASE": "IT Analytics (SNOW@EVICO)",
      "WAREHOUSE_NAME": "REFINEMENT_SNOW_WH_M"

  },
  {

      "APP_ID": "50482",
      "APP_NAME": "SDAH",
      "COST_CENTER": "091366 ",
      "DESCRIPTION": "As a part of refinement/publish layer architecture for usecase",
      "LAYER": "REFINEMENT, PUBLISH",
      "OWNER": "aleksei.inozemtcev_ext@novartis.com",
      "SUBJECT_AREA": "SALES, PRODUCT,  CUSTOMER, ROSTER, KEY_ACCOUNT_MANAGEMENT,  ALIGNMENT, INTERACTION_PLANNING, EMPLOYEE_FIELDFORCE_ACTION",
      "USE_CASE": "SDAH",
      "WAREHOUSE_NAME": "SDAH_WH_M"

  },
  {

      "APP_ID": "43643",
      "APP_NAME": "NSENSE",
      "COST_CENTER": "085607",
      "DESCRIPTION": "As part of refinement layer",
      "LAYER": "REFINEMENT",
      "OWNER": "akshay.almadi@novartis.com",
      "SUBJECT_AREA": "NA",
      "USE_CASE": "Nerve Sense",
      "WAREHOUSE_NAME": "SENSE_WH_S"

  },
  {

      "APP_ID": "PRJ0178169",
      "APP_NAME": "SUPPLIER_INVOICE_PORTAL",
      "COST_CENTER": "PRJ0178169",
      "DESCRIPTION": "null",
      "LAYER": "REFINEMENT",
      "OWNER": "harish.jangala@novartis.com",
      "SUBJECT_AREA": "PROCUREMENT_REFINEMENT",
      "USE_CASE": "SIP",
      "WAREHOUSE_NAME": "SIP_WH_L"

  },
  {

      "APP_ID": "PRJ0178169",
      "APP_NAME": "SUPPLIER_INVOICE_PORTAL",
      "COST_CENTER": "PRJ0178169",
      "DESCRIPTION": "null",
      "LAYER": "REFINEMENT",
      "OWNER": "harish.jangala@novartis.com",
      "SUBJECT_AREA": "PROCUREMENT_REFINEMENT",
      "USE_CASE": "SIP",
      "WAREHOUSE_NAME": "SIP_WH_S"

  },
  {

      "APP_ID": "45879",
      "APP_NAME": "F1_ANALYTICS",
      "COST_CENTER": "45879",
      "DESCRIPTION": "Warehouse used from SF to SPLUNK",
      "LAYER": "CONSOLIDATED",
      "OWNER": "vasant.desai@novartis.com",
      "SUBJECT_AREA": "F1_PLATFORM",
      "USE_CASE": "F1_PLATFORM",
      "WAREHOUSE_NAME": "SPLUNK_WH"

  },
  {

      "APP_ID": "091957",
      "APP_NAME": "SPOTON-FDO",
      "COST_CENTER": "091957",
      "DESCRIPTION": "Spoton FDO Publish Layer",
      "LAYER": "PUBLISH",
      "OWNER": "srinivas.neelam@novartis.com",
      "SUBJECT_AREA": "OPERATIONS",
      "USE_CASE": "SPOTON-FDO",
      "WAREHOUSE_NAME": "SPOTONFDO_WH_S"

  },
  {

      "APP_ID": "092050",
      "APP_NAME": "SRM360",
      "COST_CENTER": "092050",
      "DESCRIPTION": "NULL",
      "LAYER": "REFINEMENT, PUBLISH",
      "OWNER": "stephane.morel@novartis.com",
      "SUBJECT_AREA": "NA",
      "USE_CASE": "SRM360",
      "WAREHOUSE_NAME": "SRM360_WH_M"

  },
  {

      "APP_ID": "092050",
      "APP_NAME": "SRM360",
      "COST_CENTER": "092050",
      "DESCRIPTION": "NULL",
      "LAYER": "REFINEMENT, PUBLISH",
      "OWNER": "stephane.morel@novartis.com",
      "SUBJECT_AREA": "NA",
      "USE_CASE": "SRM360",
      "WAREHOUSE_NAME": "SRM360_WH_S"

  },
  {

      "APP_ID": "45931",
      "APP_NAME": "TENDERAI",
      "COST_CENTER": "092072",
      "DESCRIPTION": "As part of publish layer",
      "LAYER": "PUBLISH",
      "OWNER": "pradeep.narayanan_ext@novartis.com",
      "SUBJECT_AREA": "MARKET_ACCESS, REIMBURSMENT, TENDERING, PRODUCT",
      "USE_CASE": "TENDERAI",
      "WAREHOUSE_NAME": "TENDERAI_WH_M"

  },
  {

      "APP_ID": "45879",
      "APP_NAME": "TESTING_TEAM",
      "COST_CENTER": "45879",
      "DESCRIPTION": "Warehouse used by testing team",
      "LAYER": "CONSOLIDATED",
      "OWNER": "sandeep.goyal@novartis.com",
      "SUBJECT_AREA": "F1_PLATFORM",
      "USE_CASE": "F1_PLATFORM",
      "WAREHOUSE_NAME": "TESTING_WH"

  },
  {

      "APP_ID": "45139",
      "APP_NAME": "TITAN",
      "COST_CENTER": "45139",
      "DESCRIPTION": "As a part of refinement layer",
      "LAYER": "REFINEMENT",
      "OWNER": "adela.perijoc_ext@novartis.com",
      "SUBJECT_AREA": "NA",
      "USE_CASE": "TITAN",
      "WAREHOUSE_NAME": "TITAN_WH_M"

  },
  {

      "APP_ID": "null",
      "APP_NAME": "null",
      "COST_CENTER": "null",
      "DESCRIPTION": "null",
      "LAYER": "null",
      "OWNER": "null",
      "SUBJECT_AREA": "null",
      "USE_CASE": "null",
      "WAREHOUSE_NAME": "TWS0000329"

  },
  {

      "APP_ID": "null",
      "APP_NAME": "null",
      "COST_CENTER": "null",
      "DESCRIPTION": "null",
      "LAYER": "null",
      "OWNER": "null",
      "SUBJECT_AREA": "null",
      "USE_CASE": "null",
      "WAREHOUSE_NAME": "TWS0000335"

  },
  {

      "APP_ID": "null",
      "APP_NAME": "null",
      "COST_CENTER": "null",
      "DESCRIPTION": "null",
      "LAYER": "null",
      "OWNER": "null",
      "SUBJECT_AREA": "null",
      "USE_CASE": "null",
      "WAREHOUSE_NAME": "TWS0000341"

  },
  {

      "APP_ID": "null",
      "APP_NAME": "null",
      "COST_CENTER": "null",
      "DESCRIPTION": "null",
      "LAYER": "null",
      "OWNER": "null",
      "SUBJECT_AREA": "null",
      "USE_CASE": "null",
      "WAREHOUSE_NAME": "TWS0000347"

  },
  {

      "APP_ID": "null",
      "APP_NAME": "null",
      "COST_CENTER": "null",
      "DESCRIPTION": "null",
      "LAYER": "null",
      "OWNER": "null",
      "SUBJECT_AREA": "null",
      "USE_CASE": "null",
      "WAREHOUSE_NAME": "TWS0000350"

  },
  {

      "APP_ID": "null",
      "APP_NAME": "null",
      "COST_CENTER": "null",
      "DESCRIPTION": "null",
      "LAYER": "null",
      "OWNER": "null",
      "SUBJECT_AREA": "null",
      "USE_CASE": "null",
      "WAREHOUSE_NAME": "TWS0000352"

  },
  {

      "APP_ID": "null",
      "APP_NAME": "null",
      "COST_CENTER": "null",
      "DESCRIPTION": "null",
      "LAYER": "null",
      "OWNER": "null",
      "SUBJECT_AREA": "null",
      "USE_CASE": "null",
      "WAREHOUSE_NAME": "TWS0000354"

  },
  {

      "APP_ID": "null",
      "APP_NAME": "null",
      "COST_CENTER": "null",
      "DESCRIPTION": "null",
      "LAYER": "null",
      "OWNER": "null",
      "SUBJECT_AREA": "null",
      "USE_CASE": "null",
      "WAREHOUSE_NAME": "TWS0000357"

  },
  {

      "APP_ID": "null",
      "APP_NAME": "null",
      "COST_CENTER": "null",
      "DESCRIPTION": "null",
      "LAYER": "null",
      "OWNER": "null",
      "SUBJECT_AREA": "null",
      "USE_CASE": "null",
      "WAREHOUSE_NAME": "TWS0000361"

  },
  {

      "APP_ID": "null",
      "APP_NAME": "null",
      "COST_CENTER": "null",
      "DESCRIPTION": "null",
      "LAYER": "null",
      "OWNER": "null",
      "SUBJECT_AREA": "null",
      "USE_CASE": "null",
      "WAREHOUSE_NAME": "TWS0000364"

  },
  {

      "APP_ID": "null",
      "APP_NAME": "null",
      "COST_CENTER": "null",
      "DESCRIPTION": "null",
      "LAYER": "null",
      "OWNER": "null",
      "SUBJECT_AREA": "null",
      "USE_CASE": "null",
      "WAREHOUSE_NAME": "TWS0000365"

  },
  {

      "APP_ID": "null",
      "APP_NAME": "null",
      "COST_CENTER": "null",
      "DESCRIPTION": "null",
      "LAYER": "null",
      "OWNER": "null",
      "SUBJECT_AREA": "null",
      "USE_CASE": "null",
      "WAREHOUSE_NAME": "TWS0000366"

  },
  {

      "APP_ID": "null",
      "APP_NAME": "null",
      "COST_CENTER": "null",
      "DESCRIPTION": "null",
      "LAYER": "null",
      "OWNER": "null",
      "SUBJECT_AREA": "null",
      "USE_CASE": "null",
      "WAREHOUSE_NAME": "TWS0000706"

  },
  {

      "APP_ID": "null",
      "APP_NAME": "null",
      "COST_CENTER": "null",
      "DESCRIPTION": "null",
      "LAYER": "null",
      "OWNER": "null",
      "SUBJECT_AREA": "null",
      "USE_CASE": "null",
      "WAREHOUSE_NAME": "TWS0000709"

  },
  {

      "APP_ID": "null",
      "APP_NAME": "null",
      "COST_CENTER": "null",
      "DESCRIPTION": "null",
      "LAYER": "null",
      "OWNER": "null",
      "SUBJECT_AREA": "null",
      "USE_CASE": "null",
      "WAREHOUSE_NAME": "TWS0000715"

  },
  {

      "APP_ID": "46314",
      "APP_NAME": "PPM_PAB_Reporting",
      "COST_CENTER": "84462",
      "DESCRIPTION": "As a part of Publish Layer",
      "LAYER": "PUBLISH",
      "OWNER": "ajay_kumar.gourabathina@novartis.com",
      "SUBJECT_AREA": "ALL_COM_B_GBL_UBM",
      "USE_CASE": "PPM_PAB",
      "WAREHOUSE_NAME": "UBM_WH_M"

  }
]