[
  {
    "TAGS": {
      "APP_ID": "OBBR50955",
      "APP_NAME": "OBBR",
      "COST_CENTER": "092170",
      "DESCIPTION": "As part of publish layer",
      "LAYER": "REFINEMENT",
      "OWNER": "tanja.majcen_velecic@novartis.com",
      "SUBJECT_AREA": "OPERATIONS",
      "USE_CASE": "OBBR",
      "WAREHOUSE_NAME": "OBBR_WH_L"
    }
  },
  {
    "TAGS": {
      "APP_ID": "50691",
      "APP_NAME": "GTXUS",
      "COST_CENTER": "091892",
      "DESCIPTION": "NULL",
      "LAYER": "PUBLISH",
      "OWNER": "alejandra.hernandez@novartis.com",
      "SUBJECT_AREA": "NA",
      "USE_CASE": "GTX Avexis US",
      "WAREHOUSE_NAME": "GTXUS_WH"
    }
  },
  {
    "TAGS": {
      "APP_ID": "45139",
      "APP_NAME": "TITAN",
      "COST_CENTER": "45139",
      "DESCIPTION": "As a part of refinement layer",
      "LAYER": "REFINEMENT",
      "OWNER": "adela.perijoc_ext@novartis.com",
      "SUBJECT_AREA": "NA",
      "USE_CASE": "TITAN",
      "WAREHOUSE_NAME": "TITAN_WH_M"
    }
  },
  {
    "TAGS": {
      "APP_ID": "91301",
      "APP_NAME": "Artemis CLIP",
      "COST_CENTER": "91301",
      "DESCIPTION": "NA",
      "LAYER": "Publish",
      "OWNER": "vinoth.manoharan@novartis.com",
      "SUBJECT_AREA": "NA",
      "USE_CASE": "Artemis CLIP",
      "WAREHOUSE_NAME": "FOUNDRY_CLIP_WH_2X"
    }
  },
  {
    "TAGS": {
      "APP_ID": "092241",
      "APP_NAME": "CWB",
      "COST_CENTER": "092241",
      "DESCIPTION": "NULL",
      "LAYER": "REFINEMENT, PUBLISH",
      "OWNER": "stephane.morel@novartis.com",
      "SUBJECT_AREA": "NA",
      "USE_CASE": "CWB",
      "WAREHOUSE_NAME": "CWB_WH_M"
    }
  },
  {
    "TAGS": {
      "APP_ID": "50687",
      "APP_NAME": "ESG",
      "COST_CENTER": "092063",
      "DESCIPTION": "As a part of Refinement/Publish",
      "LAYER": "REFINEMENT, PUBLISH",
      "OWNER": "mihaela.idorasi-leinenbach@novartis.com",
      "SUBJECT_AREA": "SUSTAINABILITY",
      "USE_CASE": "ESG_Reporting",
      "WAREHOUSE_NAME": "ESG_REPORTING_WH_M"
    }
  },
  {
    "TAGS": {
      "APP_ID": "91301",
      "APP_NAME": "Artemis CLIP",
      "COST_CENTER": "91301",
      "DESCIPTION": "NA",
      "LAYER": "Publish",
      "OWNER": "vinoth.manoharan@novartis.com",
      "SUBJECT_AREA": "NA",
      "USE_CASE": "Artemis CLIP",
      "WAREHOUSE_NAME": "FOUNDRY_CLIP_WH_M"
    }
  },
  {
    "TAGS": {
      "APP_ID": "50687",
      "APP_NAME": "ESG",
      "COST_CENTER": "092063",
      "DESCIPTION": "As a part of Refinement/Publish",
      "LAYER": "REFINEMENT, PUBLISH",
      "OWNER": "mihaela.idorasi-leinenbach@novartis.com",
      "SUBJECT_AREA": "SUSTAINABILITY",
      "USE_CASE": "ESG_Reporting",
      "WAREHOUSE_NAME": "ESG_WH_M"
    }
  },
  {
    "TAGS": {
      "APP_ID": "45186",
      "APP_NAME": "ACTalya",
      "COST_CENTER": "45186",
      "DESCIPTION": "ACTalya is not a Novartis IT application, but rather a bundle of internal IT services and IT systems required to enable the capabilities that AKTANA business service can deliver (a decision support engine that provides ‘smart’ and easy-to-interpret recomm",
      "LAYER": "PUBLISH",
      "OWNER": "KHIZAR.JAN@NOVARTIS.COM",
      "SUBJECT_AREA": "N/A",
      "USE_CASE": "ACTalya",
      "WAREHOUSE_NAME": "ACTALYA_WH_M"
    }
  },
  {
    "TAGS": {
      "APP_ID": "50482",
      "APP_NAME": "SandozDataHub",
      "COST_CENTER": "50482",
      "DESCIPTION": "To resolve slow performance of queries on SAPCOPA views",
      "LAYER": "REFINEMENT",
      "OWNER": "drazenka.klescic@novartis.com",
      "SUBJECT_AREA": "SAPCOPA",
      "USE_CASE": "SandozDataHub",
      "WAREHOUSE_NAME": "SDAH_WH_XL"
    }
  },
  {
    "TAGS": {
      "APP_ID": "50526",
      "APP_NAME": "GAIA",
      "COST_CENTER": "091528",
      "DESCIPTION": "As a part of publish layer architecture for usecase",
      "LAYER": "PUBLISH",
      "OWNER": "javier.aloy@novartis.com",
      "SUBJECT_AREA": "NA",
      "USE_CASE": "Finance - IM (Innovative Medicines)",
      "WAREHOUSE_NAME": "CBS_GLB_IM_GAIA_PRED_REP_WH1"
    }
  },
  {
    "TAGS": {
      "APP_ID": "50263",
      "APP_NAME": "CULTURE_SENSE",
      "COST_CENTER": "089732",
      "DESCIPTION": "As a part of refinement",
      "LAYER": "REFINEMENT",
      "OWNER": "AUDITYA_VENKATA.VINNAKOTA@NOVARTIS.COM",
      "SUBJECT_AREA": "PEOPLE_AND_ORGANIZATION",
      "USE_CASE": "CSENSE",
      "WAREHOUSE_NAME": "CSENSE_WH_M"
    }
  },
  {
    "TAGS": {
      "APP_ID": "46063",
      "APP_NAME": "IRISK",
      "COST_CENTER": "087725",
      "DESCIPTION": "As a part of refinement layer",
      "LAYER": "REFINEMENT",
      "OWNER": "niraj.sawant@novartis.com",
      "SUBJECT_AREA": "QUALITY",
      "USE_CASE": "IRISK",
      "WAREHOUSE_NAME": "IRISK_WH_M"
    }
  },
  {
    "TAGS": {
      "APP_ID": "092123",
      "APP_NAME": "POLAND_ONCOLOGY",
      "COST_CENTER": "092123",
      "DESCIPTION": "As part of publish layer - POLAND ONCOLOGY",
      "LAYER": "PUBLISH",
      "OWNER": "pavan.mangavalli@novartis.com",
      "SUBJECT_AREA": "NA",
      "USE_CASE": "POLAND_ONCOLOGY",
      "WAREHOUSE_NAME": "PLONCOLOGYDA_WH_M"
    }
  },
  {
    "TAGS": {
      "APP_ID": "50611",
      "APP_NAME": "MINERVA",
      "COST_CENTER": "091800",
      "DESCIPTION": "As a part of refinement/publish layer architecture for usecase",
      "LAYER": "REFINEMENT, PUBLISH",
      "OWNER": "raghuveer.poduri@novartis.com",
      "SUBJECT_AREA": "MARKET_ACCESS_REVENUE_MGMT, MARKET_ACCESS_CONTRACT_MGMT, FINANCE, INTERACTION, CUSTOMER, PRODUCT,  SALES",
      "USE_CASE": "Minerva",
      "WAREHOUSE_NAME": "MINERVA_WH_M"
    }
  },
  {
    "TAGS": {
      "APP_ID": "46107",
      "APP_NAME": "DEDH - Digital Engagement Data Hub",
      "COST_CENTER": "46107",
      "DESCIPTION": "DEDH - Digital Engagement Data Hub will include Data Hub and Dashboards for Digital Assets including Website Analytics,, Email campaigns, Social Media, Mobile Applications and more",
      "LAYER": "REFINEMENT",
      "OWNER": "arsalan.khan@novartis.com",
      "SUBJECT_AREA": "Customer, Customer_Action, Product, Employee_Field_Force_Action, Roster, Interaction, Interaction_Planning, Key_Account_Management, Alignment",
      "USE_CASE": "NGEDIGITAL",
      "WAREHOUSE_NAME": "NGEDIGITAL_WH_M"
    }
  },
  {
    "TAGS": {
      "APP_ID": "50263",
      "APP_NAME": "CULTURE_SENSE",
      "COST_CENTER": "089732",
      "DESCIPTION": "As a part of refinement",
      "LAYER": "REFINEMENT",
      "OWNER": "AUDITYA_VENKATA.VINNAKOTA@NOVARTIS.COM",
      "SUBJECT_AREA": "PEOPLE_AND_ORGANIZATION",
      "USE_CASE": "CSENSE",
      "WAREHOUSE_NAME": "CSENSE_WH_S"
    }
  },
  {
    "TAGS": {
      "APP_ID": "50544",
      "APP_NAME": "PNO",
      "COST_CENTER": "091915",
      "DESCIPTION": "As part of Refinement Process",
      "LAYER": "REFINEMENT",
      "OWNER": "ajay_kumar.gourabathina@novartis.com",
      "SUBJECT_AREA": "IT_SERVICE_MGMT_AND_OPERATIONS_UNIFIED",
      "USE_CASE": "PNO",
      "WAREHOUSE_NAME": "PNO_WH_S"
    }
  },
  {
    "TAGS": {
      "APP_ID": "43643",
      "APP_NAME": "NSENSE",
      "COST_CENTER": "085607",
      "DESCIPTION": "As part of refinement layer",
      "LAYER": "REFINEMENT",
      "OWNER": "akshay.almadi@novartis.com",
      "SUBJECT_AREA": "NA",
      "USE_CASE": "Nerve Sense",
      "WAREHOUSE_NAME": "SENSE_WH_S"
    }
  },
  {
    "TAGS": {
      "APP_ID": "91911",
      "APP_NAME": "OPVLT",
      "COST_CENTER": "091611",
      "DESCIPTION": "OPV LT F1 project requires a publish layer with storage as per it’s architecture. Hence needs dedicated warehouse for data processing purposes and running batch loads.",
      "LAYER": "PUBLISH",
      "OWNER": "zhanna.mokhava_ext@novartis.com",
      "SUBJECT_AREA": "NA",
      "USE_CASE": "Ongoing Process Verification Long Term",
      "WAREHOUSE_NAME": "OPVLT_WH_M"
    }
  },
  {
    "TAGS": {
      "APP_ID": "52997",
      "APP_NAME": "NTO-PCE",
      "COST_CENTER": "52997",
      "DESCIPTION": "N/A",
      "LAYER": "Publish",
      "OWNER": "giorgio.rambelli_ext@novartis.com",
      "SUBJECT_AREA": "N/A",
      "USE_CASE": "NTO-PCE",
      "WAREHOUSE_NAME": "NTOPCE_WH_L"
    }
  },
  {
    "TAGS": {
      "APP_ID": "50526",
      "APP_NAME": "GAIA",
      "COST_CENTER": "091528",
      "DESCIPTION": "As a part of publish layer architecture for usecase",
      "LAYER": "PUBLISH",
      "OWNER": "javier.aloy@novartis.com",
      "SUBJECT_AREA": "NA",
      "USE_CASE": "GAIA",
      "WAREHOUSE_NAME": "CBS_GLB_IM_GAIA_PRED_SRC_WH1"
    }
  },
  {
    "TAGS": {
      "APP_ID": "44730",
      "APP_NAME": "DICE",
      "COST_CENTER": "44730",
      "DESCIPTION": "As a part of refinement/publish layer",
      "LAYER": "REFINEMENT, PUBLISH",
      "OWNER": "jaydip.mitra_ext@novartis.com",
      "SUBJECT_AREA": "CUSTOMER_ACTION, ALIGNMENT",
      "USE_CASE": "DICE",
      "WAREHOUSE_NAME": "COM_EU_PHARMA_DICE_WH1"
    }
  },
  {
    "TAGS": {
      "APP_ID": "52007",
      "APP_NAME": "Apollo",
      "COST_CENTER": "091532",
      "DESCIPTION": "As a part of publish layer architecture for usecase",
      "LAYER": "PUBLISH",
      "OWNER": "david.gonzalez_redondo@novartis.com",
      "SUBJECT_AREA": "NA",
      "USE_CASE": "CBS SZ Finance Perf. Mgmt. Product Line",
      "WAREHOUSE_NAME": "CBS_GLB_SZ_APOLLO_PRED_SFC_WH1"
    }
  },
  {
    "TAGS": {
      "APP_ID": "44828",
      "APP_NAME": "ERC_W2",
      "COST_CENTER": "44828",
      "DESCIPTION": "As part of publish",
      "LAYER": "PUBLISH",
      "OWNER": "veronica.breene@novartis.com",
      "SUBJECT_AREA": "GHCA",
      "USE_CASE": "ERC_W2",
      "WAREHOUSE_NAME": "ERCW2_WH_S"
    }
  },
  {
    "TAGS": {
      "APP_ID": "46314",
      "APP_NAME": "SNOW",
      "COST_CENTER": "92072",
      "DESCIPTION": "As a part of Publish Layer",
      "LAYER": "PUBLISH",
      "OWNER": "arindam-1.chakraborty_ext@novartis.com",
      "SUBJECT_AREA": "IT, Busniess Enablement",
      "USE_CASE": "IT Analytics (SNOW@EVICO)",
      "WAREHOUSE_NAME": "PUBLISH_SNOW_WH_M"
    }
  },
  {
    "TAGS": {
      "APP_ID": "092072",
      "APP_NAME": "MNA",
      "COST_CENTER": "092072",
      "DESCIPTION": "As part of refinement layer",
      "LAYER": "REFINEMENT",
      "OWNER": "ajay_kumar.gourabathina@novartis.com",
      "SUBJECT_AREA": "MERGE_AND_ACQUISTIONS",
      "USE_CASE": "MNA",
      "WAREHOUSE_NAME": "REFINEMENT_MNA_WH_S"
    }
  },
  {
    "TAGS": {
      "APP_ID": "45879",
      "APP_NAME": "IDQ - Informatica",
      "COST_CENTER": "45879",
      "DESCIPTION": "IDQ WH For refinement layer",
      "LAYER": "REFINEMENT",
      "OWNER": "amitesh.srivastava@novartis.com",
      "SUBJECT_AREA": "NA",
      "USE_CASE": "DQS",
      "WAREHOUSE_NAME": "DQS_WH_M"
    }
  },
  {
    "TAGS": {
      "APP_ID": "45879",
      "APP_NAME": "F1_ANALYTICS",
      "COST_CENTER": "45879",
      "DESCIPTION": "Warehouse used for demo and testing",
      "LAYER": "CONSOLIDATED",
      "OWNER": "vasant.desai@novartis.com",
      "SUBJECT_AREA": "F1_PLATFORM",
      "USE_CASE": "F1_PLATFORM",
      "WAREHOUSE_NAME": "DEMO_WH"
    }
  },
  {
    "TAGS": {
      "APP_ID": "46314",
      "APP_NAME": "PPM_PAB_Reporting",
      "COST_CENTER": "84462",
      "DESCIPTION": "As a part of Publish Layer",
      "LAYER": "PUBLISH",
      "OWNER": "ajay_kumar.gourabathina@novartis.com",
      "SUBJECT_AREA": "ALL_COM_B_GBL_UBM",
      "USE_CASE": "PPM_PAB",
      "WAREHOUSE_NAME": "UBM_WH_M"
    }
  },
  {
    "TAGS": {
      "APP_ID": "50761",
      "APP_NAME": "NCC",
      "COST_CENTER": "50761",
      "DESCIPTION": "As part of publish layer - Anomaly Detection - NCC Spend Analysis",
      "LAYER": "PUBLISH",
      "OWNER": "eva.kadlecova@novartis.com",
      "SUBJECT_AREA": "NA",
      "USE_CASE": "NCC Spend Analysis",
      "WAREHOUSE_NAME": "CBS_GBL_PHARMA_AD_WH1"
    }
  },
  {
    "TAGS": {
      "APP_ID": "46376",
      "APP_NAME": "F1 Foundry",
      "COST_CENTER": "46376",
      "DESCIPTION": "N/A",
      "LAYER": "Publish",
      "OWNER": "thierry.jeannelle@novartis.com",
      "SUBJECT_AREA": "N/A",
      "USE_CASE": "F1 Foundry",
      "WAREHOUSE_NAME": "FOUNDRY_DATA42_WH_2X"
    }
  },
  {
    "TAGS": {
      "APP_ID": "45879",
      "APP_NAME": "F1_ANALYTICS",
      "COST_CENTER": "45879",
      "DESCIPTION": "Warehouse used from SF to SPLUNK",
      "LAYER": "CONSOLIDATED",
      "OWNER": "vasant.desai@novartis.com",
      "SUBJECT_AREA": "F1_PLATFORM",
      "USE_CASE": "F1_PLATFORM",
      "WAREHOUSE_NAME": "SPLUNK_WH"
    }
  },
  {
    "TAGS": {
      "APP_ID": "091957",
      "APP_NAME": "SPOTON-FDO",
      "COST_CENTER": "091957",
      "DESCIPTION": "SPOTON-FDO Snowflake publish - PRD",
      "LAYER": "PUBLISH",
      "OWNER": "srinivas.neelam@novartis.com",
      "SUBJECT_AREA": "OPERATIONS",
      "USE_CASE": "SPOTON-FDO",
      "WAREHOUSE_NAME": "SPOTONFDO_WH_M"
    }
  },
  {
    "TAGS": {
      "APP_ID": "50544",
      "APP_NAME": "ATTEST",
      "COST_CENTER": "091915",
      "DESCIPTION": "As a part of Publish",
      "LAYER": "PUBLISH",
      "OWNER": "sammilan.dey@novartis.com",
      "SUBJECT_AREA": "NA",
      "USE_CASE": "ATTEST",
      "WAREHOUSE_NAME": "ATT_WH_M"
    }
  },
  {
    "TAGS": {
      "APP_ID": "50482",
      "APP_NAME": "SDAH",
      "COST_CENTER": "091366 ",
      "DESCIPTION": "As a part of refinement/publish layer architecture for usecase",
      "LAYER": "REFINEMENT, PUBLISH",
      "OWNER": "aleksei.inozemtcev_ext@novartis.com",
      "SUBJECT_AREA": "SALES, PRODUCT,  CUSTOMER, ROSTER, KEY_ACCOUNT_MANAGEMENT,  ALIGNMENT, INTERACTION_PLANNING, EMPLOYEE_FIELDFORCE_ACTION",
      "USE_CASE": "SDAH",
      "WAREHOUSE_NAME": "SDAH_WH_M"
    }
  },
  {
    "TAGS": {
      "APP_ID": "44730",
      "APP_NAME": "DICE",
      "COST_CENTER": "44730",
      "DESCIPTION": "As a part of refinement/publish layer",
      "LAYER": "REFINEMENT, PUBLISH",
      "OWNER": "richard.rolle@novartis.com",
      "SUBJECT_AREA": "CUSTOMER_ACTION, ALIGNMENT",
      "USE_CASE": "DICE",
      "WAREHOUSE_NAME": "DICE_WH_M"
    }
  },
  {
    "TAGS": {
      "APP_ID": "45879",
      "APP_NAME": "TESTING_TEAM",
      "COST_CENTER": "45879",
      "DESCIPTION": "Warehouse used by testing team",
      "LAYER": "CONSOLIDATED",
      "OWNER": "sandeep.goyal@novartis.com",
      "SUBJECT_AREA": "F1_PLATFORM",
      "USE_CASE": "F1_PLATFORM",
      "WAREHOUSE_NAME": "TESTING_WH"
    }
  },
  {
    "TAGS": {
      "APP_ID": "46063",
      "APP_NAME": "IRISK",
      "COST_CENTER": "087725",
      "DESCIPTION": "As a part of refinement layer",
      "LAYER": "PUBLISH",
      "OWNER": "niraj.sawant@novartis.com",
      "SUBJECT_AREA": "QUALITY",
      "USE_CASE": "IRISK",
      "WAREHOUSE_NAME": "PUBLISH_IRISK_WH_M"
    }
  },
  {
    "TAGS": {
      "APP_ID": "52986",
      "APP_NAME": "PAYLENS",
      "COST_CENTER": "N/A",
      "DESCIPTION": "N/A",
      "LAYER": "REFINEMENT",
      "OWNER": "kirankumar.sistu@novartis.com",
      "SUBJECT_AREA": "N/A",
      "USE_CASE": "PAYLENS",
      "WAREHOUSE_NAME": "PAYLENS_WH_M"
    }
  },
  {
    "TAGS": {
      "APP_ID": "52986",
      "APP_NAME": "PAYLENS",
      "COST_CENTER": "N/A",
      "DESCIPTION": "N/A",
      "LAYER": "REFINEMENT",
      "OWNER": "kirankumar.sistu@novartis.com",
      "SUBJECT_AREA": "N/A",
      "USE_CASE": "PAYLENS",
      "WAREHOUSE_NAME": "PAYLENS_WH_S"
    }
  },
  {
    "TAGS": {
      "APP_ID": "45165",
      "APP_NAME": "BIONET",
      "COST_CENTER": "45165",
      "DESCIPTION": "As a part of refinement layer",
      "LAYER": "REFINEMENT",
      "OWNER": "adela.perijoc_ext@novartis.com",
      "SUBJECT_AREA": "NA",
      "USE_CASE": "BIONET",
      "WAREHOUSE_NAME": "BIONET_WH_M"
    }
  },
  {
    "TAGS": {
      "APP_ID": "46376",
      "APP_NAME": "MDICE",
      "COST_CENTER": "010762",
      "DESCIPTION": "N/A",
      "LAYER": "PUBLISH",
      "OWNER": "RICHARD.ROLLE@NOVARTIS.COM",
      "SUBJECT_AREA": "N/A",
      "USE_CASE": "MDICE",
      "WAREHOUSE_NAME": "MDICE_WH_M"
    }
  },
  {
    "TAGS": {
      "APP_ID": "46011",
      "APP_NAME": "DMBB",
      "COST_CENTER": "083674",
      "DESCIPTION": "As a part of refinement layer",
      "LAYER": "REFINEMENT",
      "OWNER": "rajat.gupta@novartis.com",
      "SUBJECT_AREA": "NA",
      "USE_CASE": "DMBB",
      "WAREHOUSE_NAME": "DMBB_WH_S"
    }
  },
  {
    "TAGS": {
      "APP_ID": "44315",
      "APP_NAME": "QANTO",
      "COST_CENTER": "44315",
      "DESCIPTION": "As a part of Refinement layer",
      "LAYER": "REFINEMENT",
      "OWNER": "niraj.sawant@novartis.com",
      "SUBJECT_AREA": "QUALITY, TECHOPS",
      "USE_CASE": "QANTO",
      "WAREHOUSE_NAME": "QANTO_WH_M"
    }
  },
  {
    "TAGS": {
      "APP_ID": "46107",
      "APP_NAME": "NGE_DIGITAL",
      "COST_CENTER": "46107",
      "DESCIPTION": "As part of Publish Layer",
      "LAYER": "PUBLISH",
      "OWNER": "philipp.andris@novartis.com,gasser.hamza@novartis.com",
      "SUBJECT_AREA": "PH_COM_PUB_NGEDIGITAL",
      "USE_CASE": "NGE_DIGITAL",
      "WAREHOUSE_NAME": "COM_EU_PHARMA_NGEDIGITAL_WH1"
    }
  },
  {
    "TAGS": {
      "APP_ID": "46376",
      "APP_NAME": "F1 Foundry",
      "COST_CENTER": "1-40648.1.01",
      "DESCIPTION": "N/A",
      "LAYER": "Publish",
      "OWNER": "thierry.jeannelle@novartis.com",
      "SUBJECT_AREA": "N/A",
      "USE_CASE": "F1 Foundry",
      "WAREHOUSE_NAME": "FOUNDRY_DATA42_WH_M"
    }
  },
  {
    "TAGS": {
      "APP_ID": "91911",
      "APP_NAME": "OPV_MONITOR",
      "COST_CENTER": "091641",
      "DESCIPTION": "OPV Monitor F1 project requires a refinement layer with Snowflake storage as per it’s architecture. Hence needs dedicated warehouse for data processing purposes and running batch loads and API queries.",
      "LAYER": "REFINEMENT",
      "OWNER": "zhanna.mokhava_ext@novartis.com",
      "SUBJECT_AREA": "MANUFACTURING",
      "USE_CASE": "Ongoing Process Verification Monitor",
      "WAREHOUSE_NAME": "OPV_WH_M"
    }
  },
  {
    "TAGS": {
      "APP_ID": "46314",
      "APP_NAME": "SNOW",
      "COST_CENTER": "92072",
      "DESCIPTION": "As a part of REFINEMENT Layer",
      "LAYER": "REFINEMENT",
      "OWNER": "arindam-1.chakraborty_ext@novartis.com",
      "SUBJECT_AREA": "IT, Busniess Enablement",
      "USE_CASE": "IT Analytics (SNOW@EVICO)",
      "WAREHOUSE_NAME": "REFINEMENT_SNOW_WH_M"
    }
  },
  {
    "TAGS": {
      "APP_ID": "45931",
      "APP_NAME": "TENDERAI",
      "COST_CENTER": "092072",
      "DESCIPTION": "As part of publish layer",
      "LAYER": "PUBLISH",
      "OWNER": "pradeep.narayanan_ext@novartis.com",
      "SUBJECT_AREA": "MARKET_ACCESS, REIMBURSMENT, TENDERING, PRODUCT",
      "USE_CASE": "TENDERAI",
      "WAREHOUSE_NAME": "TENDERAI_WH_M"
    }
  },
  {
    "TAGS": {
      "APP_ID": "092050",
      "APP_NAME": "SRM360",
      "COST_CENTER": "092050",
      "DESCIPTION": "NULL",
      "LAYER": "REFINEMENT, PUBLISH",
      "OWNER": "stephane.morel@novartis.com",
      "SUBJECT_AREA": "NA",
      "USE_CASE": "SRM360",
      "WAREHOUSE_NAME": "SRM360_WH_M"
    }
  },
  {
    "TAGS": {
      "APP_ID": "092241",
      "APP_NAME": "CWB",
      "COST_CENTER": "092241",
      "DESCIPTION": "NULL",
      "LAYER": "REFINEMENT, PUBLISH",
      "OWNER": "stephane.morel@novartis.com",
      "SUBJECT_AREA": "NA",
      "USE_CASE": "CWB",
      "WAREHOUSE_NAME": "CWB_WH_S"
    }
  },
  {
    "TAGS": {
      "APP_ID": "45879",
      "APP_NAME": "F1_ANALYTICS",
      "COST_CENTER": "45879",
      "DESCIPTION": "Warehouse used from EBX to SF",
      "LAYER": "CONSOLIDATED",
      "OWNER": "vasant.desai@novartis.com",
      "SUBJECT_AREA": "F1_PLATFORM",
      "USE_CASE": "F1_PLATFORM",
      "WAREHOUSE_NAME": "MONITOR_WH"
    }
  },
  {
    "TAGS": {
      "APP_ID": "52007",
      "APP_NAME": "Apollo",
      "COST_CENTER": "091532",
      "DESCIPTION": "As a part of publish layer architecture for usecase",
      "LAYER": "PUBLISH",
      "OWNER": "david.gonzalez_redondo@novartis.com",
      "SUBJECT_AREA": "NA",
      "USE_CASE": "CBS SZ Finance Perf. Mgmt. Product Line",
      "WAREHOUSE_NAME": "CBS_GLB_SZ_APOLLO_PRED_SFC_WH2"
    }
  },
  {
    "TAGS": {
      "APP_ID": "092050",
      "APP_NAME": "SRM360",
      "COST_CENTER": "092050",
      "DESCIPTION": "NULL",
      "LAYER": "REFINEMENT, PUBLISH",
      "OWNER": "stephane.morel@novartis.com",
      "SUBJECT_AREA": "NA",
      "USE_CASE": "SRM360",
      "WAREHOUSE_NAME": "SRM360_WH_S"
    }
  }
]