[
	{
		"host": "nvs3qaeast1.us-east-1.snowflakecomputing.com",
		"port": 443,
		"type": "SNOWFLAKE_DEPLOYMENT"
	},
	{
		"host": "gyfivhv-nvs3qaeast1.snowflakecomputing.com",
		"port": 443,
		"type": "SNOWFLAKE_DEPLOYMENT_REGIONLESS"
	},
	{
		"host": "sfc-va2-ds1-4-customer-stage.s3.amazonaws.com",
		"port": 443,
		"type": "STAGE"
	},
	{
		"host": "sfc-va2-ds1-4-customer-stage.s3.us-east-1.amazonaws.com",
		"port": 443,
		"type": "STAGE"
	},
	{
		"host": "sfc-repo.snowflakecomputing.com",
		"port": 443,
		"type": "SNOWSQL_REPO"
	},
	{
		"host": "client-telemetry.snowflakecomputing.com",
		"port": 443,
		"type": "OUT_OF_BAND_TELEMETRY"
	},
	{
		"host": "ocsp.snowflakecomputing.com",
		"port": 80,
		"type": "OCSP_CACHE"
	},
	{
		"host": "api-9b6f5e3c.duosecurity.com",
		"port": 443,
		"type": "DUO_SECURITY"
	},
	{
		"host": "GYFIVHV-NVS3QAEAST1.registry.snowflakecomputing.com",
		"port": 443,
		"type": "SPCS_REGISTRY_REGIONLESS"
	},
	{
		"host": "ocsp.rootca1.amazontrust.com",
		"port": 80,
		"type": "OCSP_RESPONDER"
	},
	{
		"host": "ocsp.rootg2.amazontrust.com",
		"port": 80,
		"type": "OCSP_RESPONDER"
	},
	{
		"host": "ocsp.r2m01.amazontrust.com",
		"port": 80,
		"type": "OCSP_RESPONDER"
	},
	{
		"host": "ocsp.r2m02.amazontrust.com",
		"port": 80,
		"type": "OCSP_RESPONDER"
	},
	{
		"host": "o.ss2.us",
		"port": 80,
		"type": "OCSP_RESPONDER"
	},
	{
		"host": "app.snowflake.com",
		"port": 443,
		"type": "SNOWSIGHT_DEPLOYMENT"
	},
	{
		"host": "apps-api.c1.us-east-1.aws.app.snowflake.com",
		"port": 443,
		"type": "SNOWSIGHT_DEPLOYMENT"
	},
	{
		"regionless-snowsight-privatelink-url": "app-gyfivhv-nvs3qaeast1.privatelink.snowflakecomputing.com",
		"privatelink-account-name": "nvs3qaeast1.us-east-1.privatelink",
		"privatelink-vpce-id": "com.amazonaws.vpce.us-east-1.vpce-svc-01f0a00f591864bde",
		"snowsight-privatelink-url": "app.us-east-1.privatelink.snowflakecomputing.com",
		"regionless-privatelink-ocsp-url": "ocsp.gyfivhv-nvs3qaeast1.privatelink.snowflakecomputing.com",
		"privatelink-account-url": "nvs3qaeast1.us-east-1.privatelink.snowflakecomputing.com",
		"privatelink-connection-ocsp-urls": "[]",
		"regionless-privatelink-account-url": "gyfivhv-nvs3qaeast1.privatelink.snowflakecomputing.com",
		"privatelink_ocsp-url": "ocsp.nvs3qaeast1.us-east-1.privatelink.snowflakecomputing.com",
		"privatelink-connection-urls": "[]"
	}
]