[
  {
    "int_name": "S3_RRSSR15_ONETRUST_INT",
    "comment": "Created based on request RITM4600055",
    "type": "EXTERNAL_STAGE",
    "enabled": true,
    "provider": "S3",
    "aws_role_arn": "arn:aws:iam::896084923444:role/RIDY_AWS_RSSR15_APP01_ONETRUST_PRD",
    "allowed_locations": "s3://novartisrssr15prdie-onetrust-publish001/"
  },
  {
    "int_name": "S3_UNIFIEDCCJ_INT",
    "comment": "Created based on request by UCE team for Andromeda UC",
    "type": "EXTERNAL_STAGE",
    "enabled": true,
    "provider": "S3",
    "aws_role_arn": "arn:aws:iam::398419527947:role/RRS3A01_AWS_SNOWFLAKESCCJPROD",
    "allowed_locations": "s3://novartisrs3aprdief1sccjunified001/"
  },
  {
    "int_name": "DM_EU_IMDNA_S3_INT",
    "comment": "Created based on request by DATAMESH Team for project creation automation - requested by Paolo",
    "type": "EXTERNAL_STAGE",
    "enabled": true,
    "provider": "S3",
    "aws_role_arn": "arn:aws:iam::393024227756:role/RRDRAR23GB_AWS_APP01-GlassboxS3",
    "allowed_locations": "s3://dm-eu-prd-imdna-stg/"
  }
]