[
  {
    "int_name": "S3_RRSSR15_ONETRUST_INT",
    "comment": "Created based on request RITM4600055",
    "type": "EXTERNAL_STAGE",
    "enabled": true,
    "provider": "S3",
    "aws_role_arn": "arn:aws:iam::317072054552:role/RIDY_AWS_RSSR15_APP01_ONETRUST_QA",
    "allowed_locations": "s3://novartisrssr15qaie-onetrust-publish001/"
  },
  {
    "int_name": "S3_RSSR28_ISRMIPE_INT",
    "comment": "Created on Ravi Request for ISRMIPE integration with Solace",
    "type": "EXTERNAL_STAGE",
    "enabled": true,
    "provider": "S3",
    "aws_role_arn": "arn:aws:iam::257149917942:role/RRSSR28_AWS_APP01_ISRMIPE_SES",
    "allowed_locations": "s3://novartisrssr28qaie-isrmipe-publish001/"
  },
  {
    "int_name": "S3_UNIFIEDCCJ_INT",
    "comment": "Created based on request by UCE team for Andromeda UC",
    "type": "EXTERNAL_STAGE",
    "enabled": true,
    "provider": "S3",
    "aws_role_arn": "arn:aws:iam::089890533449:role/RRS3A01_AWS_SNOWFLAKESCCJQA",
    "allowed_locations": "s3://novartisrs3aqaief1sccjunified001/"
  },
  {
    "int_name": "DM_EU_GBX_S3_INT",
    "comment": "Created based on request by DATAMESH Team for project creation automation - requested by Paolo",
    "type": "EXTERNAL_STAGE",
    "enabled": true,
    "provider": "S3",
    "aws_role_arn": "arn:aws:iam::075272647679:role/RRDRAR23PGB_AWS_APP01-GlassboxS3",
    "allowed_locations": "s3://dm-eu-qa-gbx-stg/"
  },
  {
    "int_name": "DM_AP_IMDNA_S3_INT",
    "comment": "Created based on request by DATAMESH Team for project creation automation - requested by Paolo",
    "type": "EXTERNAL_STAGE",
    "enabled": true,
    "provider": "S3",
    "aws_role_arn": "arn:aws:iam::774818065523:role/RRDRAR24PGB_AWS_APP01-GlassboxS3",
    "allowed_locations": "s3://dm-ap-qa-imdna-stg/"
  }
]