[
  {
    "stage_name":  "PRJ_ONETRUST_DATA_LOAD",
    "int_name": "S3_RRSSR15_ONETRUST_INT",
    "stage_uri": "s3://novartisrssr15qaie-onetrust-publish001/snowflake_stage/",
    "db_name": "PUBLISH_DB",
    "schema_name": "CBS_GLB_ONETRST_PASSMT_STG",
    "encryption": "TYPE='AWS_SSE_KMS'",
    "role_name": ["F1_QA_SNO_ONETRUST_DATA_ENGINEER", "F1_QA_SNO_ONETRUST_DATA_ANALYST"]
  },
  {
    "stage_name":  "PRJ_ISRMIPE_DATA_LOAD",
    "int_name": "S3_RSSR28_ISRMIPE_INT",
    "stage_uri": "s3://novartisrssr28qaie-isrmipe-publish001/snowflake_stage/",
    "db_name": "PUBLISH_DB",
    "schema_name": "ISRMIPE_PUBLISH",
    "encryption": "TYPE='AWS_SSE_KMS'",
    "role_name": ["F1_QA_SNO_ISRMIPE_DATA_ENGINEER", "F1_QA_SNO_ISRMIPE_DATA_ANALYST"]
  }
]