[
  {
    "int_name":  "S3_RS3A02_PRISM_INT",
    "comment": "Created on Jalpesh Request",
    "type": "EXTERNAL_STAGE",
    "enabled": true,
    "provider": "S3",
    "aws_role_arn": "arn:aws:iam::756735027708:role/RRS3A02_AWS_PRISMPRODSNOWFLAKESTRGINTEGRATION",
    "allowed_locations": "s3://novartisrs3a02gbusnvprism001/staging/prism_ff/dataiku/business_files/managed_folders" 
  },
  {
    "int_name":  "S3_RSSR37PUB_LEAPPDS_INT",
    "comment": "Created on Laxmi Samvidha Ankem Request RITM5035898",
    "type": "EXTERNAL_STAGE",
    "enabled": true,
    "provider": "S3",
    "aws_role_arn": "arn:aws:iam::038982087603:role/RRSSR37_AWS_APP01_LEAPPDSS3SNOWFLAKE_PROD",
    "allowed_locations": "s3://novartisrssr37prdleappdspublish" 
  }
]