[
  {
    "int_name": "S3_RS3A02_PRISM_INT",
    "comment": "Created on Jalpesh Request",
    "type": "EXTERNAL_STAGE",
    "enabled": true,
    "provider": "S3",
    "aws_role_arn": "arn:aws:iam::902817803685:role/RRS3A02_AWS_PRISMQASNOWFLAKESTRGINTEGRATION",
    "allowed_locations": "s3://novartisrs3a02pgbusnvprism001/staging/prism_ff/dataiku/business_files/managed_folders"
  },
  {
    "int_name": "S3_RSSR37PUB_LEAPPDS_INT",
    "comment": "Created on Laxmi Samvidha Ankem Request RITM5046773",
    "type": "EXTERNAL_STAGE",
    "enabled": true,
    "provider": "S3",
    "aws_role_arn": "arn:aws:iam::690665678126:role/RRSSR37_AWS_APP01_LEAPPDSS3SNOWFLAKE_QA",
    "allowed_locations": "s3://novartisrssr37qaleappdspublish"
  },
  {
    "int_name": "S3_IMIC360_PUBLISH_INT",
    "comment": "Created based on request RITM5683812",
    "type": "EXTERNAL_STAGE",
    "enabled": true,
    "provider": "S3",
    "aws_role_arn": "arn:aws:iam::331126409651:role/RRDRAR18PGB_AWS_APP01_IMI_PRODUCTS_SF_INT",
    "allowed_locations": "s3://im-c360-usv-novartis-dra18pprd-oa"
  },
  {
    "int_name": "DM_US_IMDNA_S3_INT",
    "comment": "Created based on request by DATAMESH Team for project creation automation - requested by Paolo",
    "type": "EXTERNAL_STAGE",
    "enabled": true,
    "provider": "S3",
    "aws_role_arn": "arn:aws:iam::128223400322:role/RRDRAR26PGB_AWS_APP01-GlassboxS3",
    "allowed_locations": "s3://dm-us-qa-imdna-stg/"
  }
]