[
  {
    "stage_name":  "S3_RS3A02_PRISM_STAGE",
    "int_name": "S3_RS3A02_PRISM_INT",
    "stage_uri": "s3://novartisrs3a02pgbusnvprism001/staging/prism_ff/dataiku/business_files/managed_folders",
    "db_name": "COM_US_PRISM_FF",
    "schema_name": "PRISM_FF_MSTR_STG",
    "encryption": "TYPE='AWS_SSE_KMS'",
    "role_name": ["F1_QA_SNO_COM_US_PRISM_FF_MSTR_ENGINEER", "F1_QA_SNO_COM_US_PRISM_FF_MSTR_ANALYST"]
  },
  {
    "stage_name":  "PRJ_PRISM_DATA_LOAD",
    "int_name": "S3_INT_QA_GB1",
    "stage_uri": "s3://novartisrsagbusnvglassboxqaselfserve001/datalab/dataiku/managed_folders/PRJ_PRISM_FILES_DATA_LOAD/",
    "db_name": "COM_US_PHARMA_COREPL",
    "schema_name": "COREPL_INTERM",
    "encryption": "TYPE='AWS_SSE_KMS'",
    "role_name": ["F1_QA_SNO_GBX_DI_ENGINEER"]
  },
  {
    "stage_name":  "PRJ_LEAPPDS_DATA_LOAD",
    "int_name": "S3_RSSR37PUB_LEAPPDS_INT",
    "stage_uri": "s3://novartisrssr37qaleappdspublish/raw_manual_upload/",
    "db_name": "PUBLISH_DB",
    "schema_name": "PUB_LEAPPDS_REPORTING",
    "encryption": "TYPE='AWS_SSE_KMS'",
    "role_name": ["F1_QA_SNO_LEAPPDS_DATA_ENGINEER", "F1_QA_SNO_LEAPPDS_DATA_ANALYST"]
  }

]