[
  {
    "db_name": "PEOPLE_AND_ORGANIZATION",
    "schema_name": "EMPLOYEE_LIFECYCLE",
    "db_comment": "PEOPLE&ORGANIZATION DATA DOMAIN - REFINEMENT LAYER",
    "schema_comment": "REFINEMENT LAYER EMPLOYEE LIFECYCLE SUB DATA DOMAIN IN PEOPLE&ORGANIZATION DATA DOMAIN",
    "db_retention_days": 30,
    "schema_retention_days": 30,
    "transient": false,
    "managed": true,
    "ENTERPRISE_DATA_DOMAIN": "YES",
    "DATA_OWNER": "ashish.pant@novartis.com",
    "SUB_DOMAIN_OWNER": "holger.ness@novartis.com",
    "EDO_DELEGATE": "paul_andres.martinez_calvo@novartis.com",
    "ISRM_BISM_DATA_CLASSIFICATION": "yen.lee@novartis.com",
    "DOMAIN_DATA_GOVERNANCE": "paul_andres.martinez_calvo@novartis.com",
    "TT_DELIVERY_LEAD": "sharon.reid@novartis.com",
    "DOMAIN_ARCHITECT": "sasa_b.djordjevic@novartis.com",
    "DATA_ARCHITECT": "alexey.tekutiev@novartis.com",
    "DATA_STEWARD": "jitka.bezdekovska@novartis.com",
    "DATA_MODELER": "mitesh.parekh@novartis.com",
    "EDATA_AUTHOR": "jitka.bezdekovska@novartis.com"
  },
  {
    "db_name": "PEOPLE_AND_ORGANIZATION",
    "schema_name": "REWARDS",
    "db_comment": "PEOPLE&ORGANIZATION DATA DOMAIN - REFINEMENT LAYER",
    "schema_comment": "REFINEMENT LAYER REWARDS SUB DATA DOMAIN IN PEOPLE&ORGANIZATION DATA DOMAIN",
    "db_retention_days": 30,
    "schema_retention_days": 30,
    "transient": false,
    "managed": true,
    "ENTERPRISE_DATA_DOMAIN": "YES",
    "DATA_OWNER": "ashish.pant@novartis.com",
    "SUB_DOMAIN_OWNER": "philippe.waty@novartis.com",
    "EDO_DELEGATE": "paul_andres.martinez_calvo@novartis.com",
    "ISRM_BISM_DATA_CLASSIFICATION": "yen.lee@novartis.com",
    "DOMAIN_DATA_GOVERNANCE": "paul_andres.martinez_calvo@novartis.com",
    "TT_DELIVERY_LEAD": "sharon.reid@novartis.com",
    "DOMAIN_ARCHITECT": "sasa_b.djordjevic@novartis.com",
    "DATA_ARCHITECT": "alexey.tekutiev@novartis.com",
    "DATA_STEWARD": "smit_kaur.bhatia@novartis.com",
    "DATA_MODELER": "mitesh.parekh@novartis.com",
    "EDATA_AUTHOR": "smit_kaur.bhatia@novartis.com"
  },
  {
    "db_name": "PEOPLE_AND_ORGANIZATION",
    "schema_name": "LEARNING",
    "db_comment": "PEOPLE&ORGANIZATION DATA DOMAIN - REFINEMENT LAYER",
    "schema_comment": "REFINEMENT LAYER LEARNING SUB DATA DOMAIN IN PEOPLE&ORGANIZATION DATA DOMAIN",
    "db_retention_days": 30,
    "schema_retention_days": 30,
    "transient": false,
    "managed": true,
    "ENTERPRISE_DATA_DOMAIN": "YES",
    "DATA_OWNER": "ashish.pant@novartis.com",
    "SUB_DOMAIN_OWNER": "simon.brown@novartis.com",
    "EDO_DELEGATE": "paul_andres.martinez_calvo@novartis.com",
    "ISRM_BISM_DATA_CLASSIFICATION": "yen.lee@novartis.com",
    "DOMAIN_DATA_GOVERNANCE": "paul_andres.martinez_calvo@novartis.com",
    "TT_DELIVERY_LEAD": "sharon.reid@novartis.com",
    "DOMAIN_ARCHITECT": "sasa_b.djordjevic@novartis.com",
    "DATA_ARCHITECT": "alexey.tekutiev@novartis.com",
    "DATA_STEWARD": "dushyant-1.pandey@novartis.com",
    "DATA_MODELER": "mitesh.parekh@novartis.com",
    "EDATA_AUTHOR": "dushyant-1.pandey@novartis.com"
  },
  {
    "db_name": "PEOPLE_AND_ORGANIZATION",
    "schema_name": "TALENT_MANAGEMENT",
    "db_comment": "PEOPLE&ORGANIZATION DATA DOMAIN - REFINEMENT LAYER",
    "schema_comment": "REFINEMENT LAYER TALENT MANAGEMENT SUB DATA DOMAIN IN PEOPLE&ORGANIZATION DATA DOMAIN",
    "db_retention_days": 30,
    "schema_retention_days": 30,
    "transient": false,
    "managed": true,
    "ENTERPRISE_DATA_DOMAIN": "YES",
    "DATA_OWNER": "ashish.pant@novartis.com",
    "SUB_DOMAIN_OWNER": "markus-1.graf@novartis.com",
    "EDO_DELEGATE": "paul_andres.martinez_calvo@novartis.com",
    "ISRM_BISM_DATA_CLASSIFICATION": "yen.lee@novartis.com",
    "DOMAIN_DATA_GOVERNANCE": "paul_andres.martinez_calvo@novartis.com",
    "TT_DELIVERY_LEAD": "sharon.reid@novartis.com",
    "DOMAIN_ARCHITECT": "sasa_b.djordjevic@novartis.com",
    "DATA_ARCHITECT": "alexey.tekutiev@novartis.com",
    "DATA_STEWARD": "kevin.erikson@novartis.com",
    "DATA_MODELER": "mitesh.parekh@novartis.com",
    "EDATA_AUTHOR": "kevin.erikson@novartis.com"
  },
  {
    "db_name": "PEOPLE_AND_ORGANIZATION",
    "schema_name": "TALENT_ACQUISITION",
    "db_comment": "PEOPLE&ORGANIZATION DATA DOMAIN - REFINEMENT LAYER",
    "schema_comment": "REFINEMENT LAYER TALENT ACQUISITION SUB DATA DOMAIN IN PEOPLE&ORGANIZATION DATA DOMAIN",
    "db_retention_days": 30,
    "schema_retention_days": 30,
    "transient": false,
    "managed": true,
    "ENTERPRISE_DATA_DOMAIN": "YES",
    "DATA_OWNER": "ashish.pant@novartis.com",
    "SUB_DOMAIN_OWNER": "marie.mcgregor@sandoz.com",
    "EDO_DELEGATE": "paul_andres.martinez_calvo@novartis.com",
    "ISRM_BISM_DATA_CLASSIFICATION": "yen.lee@novartis.com",
    "DOMAIN_DATA_GOVERNANCE": "paul_andres.martinez_calvo@novartis.com",
    "TT_DELIVERY_LEAD": "sharon.reid@novartis.com",
    "DOMAIN_ARCHITECT": "DOMAIN_ARCHITECT",
    "DATA_ARCHITECT": "alexey.tekutiev@novartis.com",
    "DATA_STEWARD": "vipin.joshi@novartis.com",
    "DATA_MODELER": "mitesh.parekh@novartis.com",
    "EDATA_AUTHOR": "vipin.joshi@novartis.com"
  },
  {
    "db_name": "OPERATIONS",
    "schema_name": "MANUFACTURING",
    "db_comment": "OPERATIONS DATA DOMAIN - REFINEMENT LAYER",
    "schema_comment": "REFINEMENT LAYER MANUFACTURING SUB DATA DOMAIN IN OPERATIONS DATA DOMAIN",
    "db_retention_days": 30,
    "schema_retention_days": 30,
    "transient": false,
    "managed": true,
    "ENTERPRISE_DATA_DOMAIN": "YES",
    "DATA_OWNER": "manoj.bhadoria@novartis.com",
    "SUB_DOMAIN_OWNER": "andreas.pribil@novartis.com",
    "EDO_DELEGATE": "manoj.bhadoria@novartis.com",
    "ISRM_BISM_DATA_CLASSIFICATION": "satish.paruchuri@novartis.com",
    "DOMAIN_DATA_GOVERNANCE": "tapan.sharma@novartis.com",
    "TT_DELIVERY_LEAD": "dalia.zaccarelli@novartis.com",
    "DOMAIN_ARCHITECT": "Adam Otoole",
    "DATA_ARCHITECT": "saurabh.pendharkar@novartis.com",
    "DATA_STEWARD": "paromita.deb@novartis.com",
    "DATA_MODELER": "nupur.jha@novartis.com",
    "EDATA_AUTHOR": "paromita.deb@novartis.com"
  },
  {
    "db_name": "OPERATIONS",
    "schema_name": "QUALITY",
    "db_comment": "OPERATIONS DATA DOMAIN - REFINEMENT LAYER",
    "schema_comment": "REFINEMENT LAYER QUALITY SUB DATA DOMAIN IN OPERATIONS DATA DOMAIN",
    "db_retention_days": 30,
    "schema_retention_days": 30,
    "transient": false,
    "managed": true,
    "ENTERPRISE_DATA_DOMAIN": "YES",
    "DATA_OWNER": "manoj.bhadoria@novartis.com",
    "SUB_DOMAIN_OWNER": "marcos.mehle@novartis.com",
    "EDO_DELEGATE": "manoj.bhadoria@novartis.com",
    "ISRM_BISM_DATA_CLASSIFICATION": "satish.paruchuri@novartis.com",
    "DOMAIN_DATA_GOVERNANCE": "tapan.sharma@novartis.com",
    "TT_DELIVERY_LEAD": "dalia.zaccarelli@novartis.com",
    "DOMAIN_ARCHITECT": "neil.johnstone@novartis.com",
    "DATA_ARCHITECT": "saurabh.pendharkar@novartis.com",
    "DATA_STEWARD": "utkarsha.khadke@novartis.com",
    "DATA_MODELER": "nupur.jha@novartis.com",
    "EDATA_AUTHOR": "utkarsha.khadke@novartis.com"
  },
  {
    "db_name": "OPERATIONS",
    "schema_name": "SUPPLY_CHAIN",
    "db_comment": "OPERATIONS DATA DOMAIN - REFINEMENT LAYER",
    "schema_comment": "REFINEMENT LAYER SUPPLY CHAIN SUB DATA DOMAIN IN OPERATIONS DATA DOMAIN",
    "db_retention_days": 30,
    "schema_retention_days": 30,
    "transient": false,
    "managed": true,
    "ENTERPRISE_DATA_DOMAIN": "YES",
    "DATA_OWNER": "manoj.bhadoria@novartis.com",
    "SUB_DOMAIN_OWNER": "edyta.marek@novartis.com",
    "EDO_DELEGATE": "manoj.bhadoria@novartis.com",
    "ISRM_BISM_DATA_CLASSIFICATION": "satish.paruchuri@novartis.com",
    "DOMAIN_DATA_GOVERNANCE": "tapan.sharma@novartis.com",
    "TT_DELIVERY_LEAD": "dalia.zaccarelli@novartis.com",
    "DOMAIN_ARCHITECT": "ejner.hansen@novartis.com",
    "DATA_ARCHITECT": "saurabh.pendharkar@novartis.com",
    "DATA_STEWARD": "piyush_ashok.mishra@novartis.com",
    "DATA_MODELER": "nupur.jha@novartis.com",
    "EDATA_AUTHOR": "piyush_ashok.mishra@novartis.com"
  },
  {
    "db_name": "ENABLING_RESEARCH",
    "schema_name": "ENABLING_RESEARCH",
    "db_comment": "ENABLING RESEARCH DATA DOMAIN - REFINEMENT LAYER",
    "schema_comment": "REFINEMENT LAYER ENABLING RESEARCH SUB DATA DOMAIN IN ENABLING RESEARCH DATA DOMAIN",
    "db_retention_days": 30,
    "schema_retention_days": 30,
    "transient": false,
    "managed": true,
    "ENTERPRISE_DATA_DOMAIN": "YES",
    "DATA_OWNER": "uwe.plikat@novartis.com",
    "SUB_DOMAIN_OWNER": "uwe.plikat@novartis.com",
    "EDO_DELEGATE": "uwe.plikat@novartis.com",
    "ISRM_BISM_DATA_CLASSIFICATION": "",
    "DOMAIN_DATA_GOVERNANCE": "uwe.plikat@novartis.com",
    "TT_DELIVERY_LEAD": "NA",
    "DOMAIN_ARCHITECT": "per_johannes.luebke@novartis.com",
    "DATA_ARCHITECT": "per_johannes.luebke@novartis.com",
    "DATA_STEWARD": "NA",
    "DATA_MODELER": "raja_sekhar.anam@sandoz.com",
    "EDATA_AUTHOR": "uwe.plikat@novartis.com"
  },
  {
    "db_name": "PROCUREMENT",
    "schema_name": "SUPPLIER",
    "db_comment": "PROCUREMENT DATA DOMAIN - REFINEMENT LAYER",
    "schema_comment": "REFINEMENT LAYER SUPPLIER SUB DATA DOMAIN IN PROCUREMENT DATA DOMAIN",
    "db_retention_days": 30,
    "schema_retention_days": 30,
    "transient": false,
    "managed": true,
    "ENTERPRISE_DATA_DOMAIN": "YES",
    "DATA_OWNER": "praveen.selvam@novartis.com",
    "SUB_DOMAIN_OWNER": "praveen.selvam@novartis.com",
    "EDO_DELEGATE": "TBD",
    "ISRM_BISM_DATA_CLASSIFICATION": "yen.lee@novartis.com",
    "DOMAIN_DATA_GOVERNANCE": "Sandeep Deora",
    "TT_DELIVERY_LEAD": "dalia.zaccarelli@novartis.com",
    "DOMAIN_ARCHITECT": "sreedhar.kanchanapalli@novartis.com",
    "DATA_ARCHITECT": "harish.jangala@novartis.com",
    "DATA_STEWARD": "ankita.sahu@novartis.com",
    "DATA_MODELER": "swathi.karmarkar@novartis.com",
    "EDATA_AUTHOR": "ankita.sahu@novartis.com"
  },
  {
    "db_name": "PROCUREMENT",
    "schema_name": "SOURCING_AND_CONTRACTING",
    "db_comment": "PROCUREMENT DATA DOMAIN - REFINEMENT LAYER",
    "schema_comment": "REFINEMENT LAYER SOURCING&CONTRACTING SUB DATA DOMAIN IN PROCUREMENT DATA DOMAIN",
    "db_retention_days": 30,
    "schema_retention_days": 30,
    "transient": false,
    "managed": true,
    "ENTERPRISE_DATA_DOMAIN": "YES",
    "DATA_OWNER": "praveen.selvam@novartis.com",
    "SUB_DOMAIN_OWNER": "anca.racasan@novartis.com",
    "EDO_DELEGATE": "TBD",
    "ISRM_BISM_DATA_CLASSIFICATION": "yen.lee@novartis.com",
    "DOMAIN_DATA_GOVERNANCE": "Sandeep Deora",
    "TT_DELIVERY_LEAD": "dalia.zaccarelli@novartis.com",
    "DOMAIN_ARCHITECT": "sreedhar.kanchanapalli@novartis.com",
    "DATA_ARCHITECT": "harish.jangala@novartis.com",
    "DATA_STEWARD": "satyesh.singh@novartis.com, snehal.shirode@novartis.com",
    "DATA_MODELER": "swathi.karmarkar@novartis.com",
    "EDATA_AUTHOR": "satyesh.singh@novartis.com, snehal.shirode@novartis.com"
  },
  {
    "db_name": "PROCUREMENT",
    "schema_name": "SHOPPING_CART_AND_PO",
    "db_comment": "PROCUREMENT DATA DOMAIN - REFINEMENT LAYER",
    "schema_comment": "REFINEMENT LAYER SHOPPING CART&PO SUB DATA DOMAIN IN PROCUREMENT DATA DOMAIN",
    "db_retention_days": 30,
    "schema_retention_days": 30,
    "transient": false,
    "managed": true,
    "ENTERPRISE_DATA_DOMAIN": "YES",
    "DATA_OWNER": "praveen.selvam@novartis.com",
    "SUB_DOMAIN_OWNER": "marcia.michaels@novartis.com",
    "EDO_DELEGATE": "TBD",
    "ISRM_BISM_DATA_CLASSIFICATION": "yen.lee@novartis.com",
    "DOMAIN_DATA_GOVERNANCE": "Sandeep Deora",
    "TT_DELIVERY_LEAD": "dalia.zaccarelli@novartis.com",
    "DOMAIN_ARCHITECT": "sreedhar.kanchanapalli@novartis.com",
    "DATA_ARCHITECT": "harish.jangala@novartis.com",
    "DATA_STEWARD": "marcia.michaels@novartis.com",
    "DATA_MODELER": "swathi.karmarkar@novartis.com",
    "EDATA_AUTHOR": "marcia.michaels@novartis.com"
  },
  {
    "db_name": "PROCUREMENT",
    "schema_name": "SPEND_AND_SAVINGS",
    "db_comment": "PROCUREMENT DATA DOMAIN - REFINEMENT LAYER",
    "schema_comment": "REFINEMENT LAYER SPEND&SAVINGS SUB DATA DOMAIN IN PROCUREMENT DATA DOMAIN",
    "db_retention_days": 30,
    "schema_retention_days": 30,
    "transient": false,
    "managed": true,
    "ENTERPRISE_DATA_DOMAIN": "YES",
    "DATA_OWNER": "praveen.selvam@novartis.com",
    "SUB_DOMAIN_OWNER": "praveen.selvam@novartis.com",
    "EDO_DELEGATE": "database",
    "ISRM_BISM_DATA_CLASSIFICATION": "yen.lee@novartis.com",
    "DOMAIN_DATA_GOVERNANCE": "Sandeep Deora",
    "TT_DELIVERY_LEAD": "dalia.zaccarelli@novartis.com",
    "DOMAIN_ARCHITECT": "sreedhar.kanchanapalli@novartis.com",
    "DATA_ARCHITECT": "harish.jangala@novartis.com",
    "DATA_STEWARD": "parth.nagar@novartis.com",
    "DATA_MODELER": "swathi.karmarkar@novartis.com",
    "EDATA_AUTHOR": "parth.nagar@novartis.com"
  },
  {
    "db_name": "CUSTOMER",
    "schema_name": "MARKETING_AND_SALES",
    "db_comment": "CUSTOMER DATA DOMAIN - REFINEMENT LAYER",
    "schema_comment": "REFINEMENT LAYER MARKETING&SALES SUB DATA DOMAIN IN CUSTOMER DATA DOMAIN",
    "db_retention_days": 30,
    "schema_retention_days": 30,
    "transient": false,
    "managed": true,
    "ENTERPRISE_DATA_DOMAIN": "YES",
    "DATA_OWNER": "ignacio.huesa@novartis.com",
    "SUB_DOMAIN_OWNER": "ignacio.huesa@novartis.com, punit.goyal@novartis.com",
    "EDO_DELEGATE": "kamal-1.sharma@novartis.com",
    "ISRM_BISM_DATA_CLASSIFICATION": "suresh.ramaswamy@novartis.com",
    "DOMAIN_DATA_GOVERNANCE": "kamal-1.sharma@novartis.com",
    "TT_DELIVERY_LEAD": "vikram-2.singh@novartis.com",
    "DOMAIN_ARCHITECT": "mark.tramposch@novartis.com",
    "DATA_ARCHITECT": "sujit.murumkar@novartis.com",
    "DATA_STEWARD": "TBD",
    "DATA_MODELER": "raja_sekhar.anam@sandoz.com",
    "EDATA_AUTHOR": "ignacio.huesa@novartis.com, punit.goyal@novartis.com"
  },
  {
    "db_name": "CUSTOMER",
    "schema_name": "MARKET_ACCESS",
    "db_comment": "CUSTOMER DATA DOMAIN - REFINEMENT LAYER",
    "schema_comment": "REFINEMENT LAYER MARKET ACCESS SUB DATA DOMAIN IN CUSTOMER DATA DOMAIN",
    "db_retention_days": 30,
    "schema_retention_days": 30,
    "transient": false,
    "managed": true,
    "ENTERPRISE_DATA_DOMAIN": "YES",
    "DATA_OWNER": "ignacio.huesa@novartis.com",
    "SUB_DOMAIN_OWNER": "ignacio.huesa@novartis.com, punit.goyal@novartis.com",
    "EDO_DELEGATE": "kamal-1.sharma@novartis.com",
    "ISRM_BISM_DATA_CLASSIFICATION": "suresh.ramaswamy@novartis.com",
    "DOMAIN_DATA_GOVERNANCE": "kamal-1.sharma@novartis.com",
    "TT_DELIVERY_LEAD": "vikram-2.singh@novartis.com",
    "DOMAIN_ARCHITECT": "mark.tramposch@novartis.com",
    "DATA_ARCHITECT": "sujit.murumkar@novartis.com",
    "DATA_STEWARD": "TBD",
    "DATA_MODELER": "raja_sekhar.anam@sandoz.com",
    "EDATA_AUTHOR": "ignacio.huesa@novartis.com, punit.goyal@novartis.com"
  },
  {
    "db_name": "CUSTOMER",
    "schema_name": "PATIENT_SERVICES",
    "db_comment": "CUSTOMER DATA DOMAIN - REFINEMENT LAYER",
    "schema_comment": "REFINEMENT LAYER PATIENT SERVICES SUB DATA DOMAIN IN CUSTOMER DATA DOMAIN",
    "db_retention_days": 30,
    "schema_retention_days": 30,
    "transient": false,
    "managed": true,
    "ENTERPRISE_DATA_DOMAIN": "YES",
    "DATA_OWNER": "ignacio.huesa@novartis.com",
    "SUB_DOMAIN_OWNER": "ignacio.huesa@novartis.com, punit.goyal@novartis.com",
    "EDO_DELEGATE": "kamal-1.sharma@novartis.com",
    "ISRM_BISM_DATA_CLASSIFICATION": "suresh.ramaswamy@novartis.com",
    "DOMAIN_DATA_GOVERNANCE": "kamal-1.sharma@novartis.com",
    "TT_DELIVERY_LEAD": "vikram-2.singh@novartis.com",
    "DOMAIN_ARCHITECT": "mark.tramposch@novartis.com",
    "DATA_ARCHITECT": "sujit.murumkar@novartis.com",
    "DATA_STEWARD": "TBD",
    "DATA_MODELER": "raja_sekhar.anam@sandoz.com",
    "EDATA_AUTHOR": "ignacio.huesa@novartis.com, punit.goyal@novartis.com"
  },
  {
    "db_name": "CUSTOMER",
    "schema_name": "MEDICAL_AFFAIRS",
    "db_comment": "CUSTOMER DATA DOMAIN - REFINEMENT LAYER",
    "schema_comment": "REFINEMENT LAYER MEDICAL AFFAIRS SUB DATA DOMAIN IN CUSTOMER DATA DOMAIN",
    "db_retention_days": 30,
    "schema_retention_days": 30,
    "transient": false,
    "managed": true,
    "ENTERPRISE_DATA_DOMAIN": "YES",
    "DATA_OWNER": "ignacio.huesa@novartis.com",
    "SUB_DOMAIN_OWNER": "ignacio.huesa@novartis.com, punit.goyal@novartis.com",
    "EDO_DELEGATE": "kamal-1.sharma@novartis.com",
    "ISRM_BISM_DATA_CLASSIFICATION": "suresh.ramaswamy@novartis.com",
    "DOMAIN_DATA_GOVERNANCE": "kamal-1.sharma@novartis.com",
    "TT_DELIVERY_LEAD": "vikram-2.singh@novartis.com",
    "DOMAIN_ARCHITECT": "mark.tramposch@novartis.com",
    "DATA_ARCHITECT": "sujit.murumkar@novartis.com",
    "DATA_STEWARD": "TBD",
    "DATA_MODELER": "raja_sekhar.anam@sandoz.com",
    "EDATA_AUTHOR": "ignacio.huesa@novartis.com, punit.goyal@novartis.com"
  },
  {
    "db_name": "CUSTOMER",
    "schema_name": "ADVERTISING_AND_PROMOTION_MANAGEMENT",
    "db_comment": "CUSTOMER DATA DOMAIN - REFINEMENT LAYER",
    "schema_comment": "REFINEMENT LAYER ADVERTISING&PROMOTION MANAGEMENT SUB DATA DOMAIN IN CUSTOMER DATA DOMAIN",
    "db_retention_days": 30,
    "schema_retention_days": 30,
    "transient": false,
    "managed": true,
    "ENTERPRISE_DATA_DOMAIN": "YES",
    "DATA_OWNER": "ignacio.huesa@novartis.com",
    "SUB_DOMAIN_OWNER": "ignacio.huesa@novartis.com, punit.goyal@novartis.com",
    "EDO_DELEGATE": "kamal-1.sharma@novartis.com",
    "ISRM_BISM_DATA_CLASSIFICATION": "suresh.ramaswamy@novartis.com",
    "DOMAIN_DATA_GOVERNANCE": "kamal-1.sharma@novartis.com",
    "TT_DELIVERY_LEAD": "vikram-2.singh@novartis.com",
    "DOMAIN_ARCHITECT": "mark.tramposch@novartis.com",
    "DATA_ARCHITECT": "sujit.murumkar@novartis.com",
    "DATA_STEWARD": "TBD",
    "DATA_MODELER": "raja_sekhar.anam@sandoz.com",
    "EDATA_AUTHOR": "ignacio.huesa@novartis.com, punit.goyal@novartis.com"
  },
  {
    "db_name": "PRODUCTS_AND_BRANDS",
    "schema_name": "R_AND_D_PORTFOLIO",
    "db_comment": "PRODUCTS&BRANDS DATA DOMAIN - REFINEMENT LAYER",
    "schema_comment": "REFINEMENT LAYER R&D PORTFOLIO SUB DATA DOMAIN IN PRODUCTS&BRANDS DATA DOMAIN",
    "db_retention_days": 30,
    "schema_retention_days": 30,
    "transient": false,
    "managed": true,
    "ENTERPRISE_DATA_DOMAIN": "YES",
    "DATA_OWNER": "david.yee@novartis.com",
    "SUB_DOMAIN_OWNER": "david.yee@novartis.com",
    "EDO_DELEGATE": "carlo.mbanefo@novartis.com",
    "ISRM_BISM_DATA_CLASSIFICATION": "suresh.ramaswamy@novartis.com",
    "DOMAIN_DATA_GOVERNANCE": "david.yee@novartis.com",
    "TT_DELIVERY_LEAD": "TBD",
    "DOMAIN_ARCHITECT": "TBD",
    "DATA_ARCHITECT": "sujit.murumkar@novartis.com, saurabh.pendharkar@novartis.com, sridhar.badugu@novartis.com",
    "DATA_STEWARD": "TBD",
    "DATA_MODELER": "swathi.karmarkar@novartis.com",
    "EDATA_AUTHOR": "david.yee@novartis.com"
  },
  {
    "db_name": "PRODUCTS_AND_BRANDS",
    "schema_name": "MEDICINAL_PRODUCT",
    "db_comment": "PRODUCTS&BRANDS DATA DOMAIN - REFINEMENT LAYER",
    "schema_comment": "REFINEMENT LAYER MEDICINAL PRODUCT SUB DATA DOMAIN IN PRODUCTS&BRANDS DATA DOMAIN",
    "db_retention_days": 30,
    "schema_retention_days": 30,
    "transient": false,
    "managed": true,
    "ENTERPRISE_DATA_DOMAIN": "YES",
    "DATA_OWNER": "david.yee@novartis.com",
    "SUB_DOMAIN_OWNER": "david.yee@novartis.com",
    "EDO_DELEGATE": "carlo.mbanefo@novartis.com",
    "ISRM_BISM_DATA_CLASSIFICATION": "suresh.ramaswamy@novartis.com",
    "DOMAIN_DATA_GOVERNANCE": "david.yee@novartis.com",
    "TT_DELIVERY_LEAD": "TBD",
    "DOMAIN_ARCHITECT": "TBD",
    "DATA_ARCHITECT": "sujit.murumkar@novartis.com, saurabh.pendharkar@novartis.com, sridhar.badugu@novartis.com",
    "DATA_STEWARD": "TBD",
    "DATA_MODELER": "swathi.karmarkar@novartis.com",
    "EDATA_AUTHOR": "david.yee@novartis.com"
  },
  {
    "db_name": "PRODUCTS_AND_BRANDS",
    "schema_name": "BRAND",
    "db_comment": "PRODUCTS&BRANDS DATA DOMAIN - REFINEMENT LAYER",
    "schema_comment": "REFINEMENT LAYER TALENT MANAGEMENT BRAND for PRODUCTS&BRANDS DATA DOMAIN",
    "db_retention_days": 30,
    "schema_retention_days": 30,
    "transient": false,
    "managed": true,
    "ENTERPRISE_DATA_DOMAIN": "YES",
    "DATA_OWNER": "david.yee@novartis.com",
    "SUB_DOMAIN_OWNER": "david.yee@novartis.com",
    "EDO_DELEGATE": "carlo.mbanefo@novartis.com",
    "ISRM_BISM_DATA_CLASSIFICATION": "suresh.ramaswamy@novartis.com",
    "DOMAIN_DATA_GOVERNANCE": "david.yee@novartis.com",
    "TT_DELIVERY_LEAD": "TBD",
    "DOMAIN_ARCHITECT": "TBD",
    "DATA_ARCHITECT": "sujit.murumkar@novartis.com, saurabh.pendharkar@novartis.com, sridhar.badugu@novartis.com",
    "DATA_STEWARD": "TBD",
    "DATA_MODELER": "swathi.karmarkar@novartis.com",
    "EDATA_AUTHOR": "david.yee@novartis.com"
  },
  {
    "db_name": "FINANCE",
    "schema_name": "FINANCE",
    "db_comment": "FINANCE DATA DOMAIN - REFINEMENT LAYER",
    "schema_comment": "REFINEMENT LAYER FINANCE SUB DATA DOMAIN IN FINANCE DATA DOMAIN",
    "db_retention_days": 30,
    "schema_retention_days": 30,
    "transient": false,
    "managed": true,
    "ENTERPRISE_DATA_DOMAIN": "YES",
    "DATA_OWNER": "eduard.castells@novartis.com",
    "SUB_DOMAIN_OWNER": "eric.uricher@novartis.com",
    "EDO_DELEGATE": "neil.crosswell@novartis.com",
    "ISRM_BISM_DATA_CLASSIFICATION": "yen.lee@novartis.com",
    "DOMAIN_DATA_GOVERNANCE": "neil.crosswell@novartis.com",
    "TT_DELIVERY_LEAD": "sharon.reid@novartis.com, vikram.srivastava@novartis.com",
    "DOMAIN_ARCHITECT": "david.mutl@sandoz.com",
    "DATA_ARCHITECT": "daniel.schlachter@novartis.com",
    "DATA_STEWARD": "TBD",
    "DATA_MODELER": "swathi.karmarkar@novartis.com",
    "EDATA_AUTHOR": "eric.uricher@novartis.com"
  },
  {
    "db_name": "FINANCE",
    "schema_name": "DIGITAL_FINANCE",
    "db_comment": "FINANCE DATA DOMAIN - REFINEMENT LAYER",
    "schema_comment": "REFINEMENT LAYER DIGITAL FINANCE SUB DATA DOMAIN IN FINANCE DATA DOMAIN",
    "db_retention_days": 30,
    "schema_retention_days": 30,
    "transient": false,
    "managed": true,
    "ENTERPRISE_DATA_DOMAIN": "YES",
    "DATA_OWNER": "eduard.castells@novartis.com",
    "SUB_DOMAIN_OWNER": "eric.uricher@novartis.com",
    "EDO_DELEGATE": "neil.crosswell@novartis.com",
    "ISRM_BISM_DATA_CLASSIFICATION": "yen.lee@novartis.com",
    "DOMAIN_DATA_GOVERNANCE": "neil.crosswell@novartis.com",
    "TT_DELIVERY_LEAD": "sharon.reid@novartis.com, vikram.srivastava@novartis.com",
    "DOMAIN_ARCHITECT": "david.mutl@sandoz.com",
    "DATA_ARCHITECT": "daniel.schlachter@novartis.com",
    "DATA_STEWARD": "TBD",
    "DATA_MODELER": "swathi.karmarkar@novartis.com",
    "EDATA_AUTHOR": "eric.uricher@novartis.com"
  },
  {
    "db_name": "DRUG_DEVELOPMENT",
    "schema_name": "REGULATORY_AFFAIRS",
    "db_comment": "DRUG DEVELOPMENT DATA DOMAIN - REFINEMENT LAYER",
    "schema_comment": "REFINEMENT LAYER REGULATORY AFFAIRS SUB DATA DOMAIN IN DRUG DEVELOPMENT DATA DOMAIN",
    "db_retention_days": 30,
    "schema_retention_days": 30,
    "transient": false,
    "managed": true,
    "ENTERPRISE_DATA_DOMAIN": "YES",
    "DATA_OWNER": "anand.kanhere@novartis.com",
    "SUB_DOMAIN_OWNER": "laurent.lefebvre@novartis.com, kishore.akella@novartis.com",
    "EDO_DELEGATE": "ashok_vardhan.vennapusa@novartis.com",
    "ISRM_BISM_DATA_CLASSIFICATION": "amrendra.singh@novartis.com",
    "DOMAIN_DATA_GOVERNANCE": "ashok_vardhan.vennapusa@novartis.com",
    "TT_DELIVERY_LEAD": "wolfgang.schleifer@novartis.com",
    "DOMAIN_ARCHITECT": "sunita.agarwal_ext@novartis.com",
    "DATA_ARCHITECT": "sridhar.badugu@novartis.com",
    "DATA_STEWARD": "laurent.lefebvre@novartis.com, kishore.akella@novartis.com",
    "DATA_MODELER": "nupur.jha@novartis.com",
    "EDATA_AUTHOR": "laurent.lefebvre@novartis.com, kishore.akella@novartis.com"
  },
  {
    "db_name": "DRUG_DEVELOPMENT",
    "schema_name": "TECHNICAL_RESEARCH_AND_DEVELOPMENT",
    "db_comment": "DRUG DEVELOPMENT DATA DOMAIN - REFINEMENT LAYER",
    "schema_comment": "REFINEMENT LAYER TECHNICAL RESEARCH&DEVELOPMENT SUB DATA DOMAIN IN DRUG DEVELOPMENT DATA DOMAIN",
    "db_retention_days": 30,
    "schema_retention_days": 30,
    "transient": false,
    "managed": true,
    "ENTERPRISE_DATA_DOMAIN": "YES",
    "DATA_OWNER": "anand.kanhere@novartis.com",
    "SUB_DOMAIN_OWNER": "ismael.velasco@novartis.com",
    "EDO_DELEGATE": "ashok_vardhan.vennapusa@novartis.com",
    "ISRM_BISM_DATA_CLASSIFICATION": "amrendra.singh@novartis.com",
    "DOMAIN_DATA_GOVERNANCE": "ashok_vardhan.vennapusa@novartis.com",
    "TT_DELIVERY_LEAD": "wolfgang.schleifer@novartis.com",
    "DOMAIN_ARCHITECT": "sunita.agarwal_ext@novartis.com",
    "DATA_ARCHITECT": "sridhar.badugu@novartis.com",
    "DATA_STEWARD": "ismael.velasco@novartis.com",
    "DATA_MODELER": "nupur.jha@novartis.com",
    "EDATA_AUTHOR": "ismael.velasco@novartis.com"
  },
  {
    "db_name": "DRUG_DEVELOPMENT",
    "schema_name": "PATIENT_SAFETY",
    "db_comment": "DRUG DEVELOPMENT DATA DOMAIN - REFINEMENT LAYER",
    "schema_comment": "REFINEMENT LAYER PATIENT SAFETY SUB DATA DOMAIN IN DRUG DEVELOPMENT DATA DOMAIN",
    "db_retention_days": 30,
    "schema_retention_days": 30,
    "transient": false,
    "managed": true,
    "ENTERPRISE_DATA_DOMAIN": "YES",
    "DATA_OWNER": "anand.kanhere@novartis.com",
    "SUB_DOMAIN_OWNER": "stephanie.rusch@novartis.com, manuel.da_costa@novartis.com",
    "EDO_DELEGATE": "ashok_vardhan.vennapusa@novartis.com",
    "ISRM_BISM_DATA_CLASSIFICATION": "amrendra.singh@novartis.com",
    "DOMAIN_DATA_GOVERNANCE": "ashok_vardhan.vennapusa@novartis.com",
    "TT_DELIVERY_LEAD": "wolfgang.schleifer@novartis.com",
    "DOMAIN_ARCHITECT": "sunita.agarwal_ext@novartis.com",
    "DATA_ARCHITECT": "sridhar.badugu@novartis.com",
    "DATA_STEWARD": "stephanie.rusch@novartis.com, manuel.da_costa@novartis.com",
    "DATA_MODELER": "nupur.jha@novartis.com",
    "EDATA_AUTHOR": "stephanie.rusch@novartis.com, manuel.da_costa@novartis.com"
  },
  {
    "db_name": "DRUG_DEVELOPMENT",
    "schema_name": "CLINICAL_TRIAL_DATA",
    "db_comment": "DRUG DEVELOPMENT DATA DOMAIN - REFINEMENT LAYER",
    "schema_comment": "REFINEMENT LAYER CLINICAL TRIAL DATA SUB DATA DOMAIN IN DRUG DEVELOPMENT DATA DOMAIN",
    "db_retention_days": 30,
    "schema_retention_days": 30,
    "transient": false,
    "managed": true,
    "ENTERPRISE_DATA_DOMAIN": "YES",
    "DATA_OWNER": "anand.kanhere@novartis.com",
    "SUB_DOMAIN_OWNER": "rudi.ager@novartis.com",
    "EDO_DELEGATE": "ashok_vardhan.vennapusa@novartis.com",
    "ISRM_BISM_DATA_CLASSIFICATION": "amrendra.singh@novartis.com",
    "DOMAIN_DATA_GOVERNANCE": "ashok_vardhan.vennapusa@novartis.com",
    "TT_DELIVERY_LEAD": "wolfgang.schleifer@novartis.com",
    "DOMAIN_ARCHITECT": "sunita.agarwal_ext@novartis.com",
    "DATA_ARCHITECT": "sridhar.badugu@novartis.com",
    "DATA_STEWARD": "chandan.patare@novartis.com",
    "DATA_MODELER": "nupur.jha@novartis.com",
    "EDATA_AUTHOR": "chandan.patare@novartis.com"
  },
  {
    "db_name": "DRUG_DEVELOPMENT",
    "schema_name": "CLINICAL_OPERATIONS",
    "db_comment": "DRUG DEVELOPMENT DATA DOMAIN - REFINEMENT LAYER",
    "schema_comment": "REFINEMENT LAYER CLINICAL OPERATIONS SUB DATA DOMAIN IN DRUG DEVELOPMENT DATA DOMAIN",
    "db_retention_days": 30,
    "schema_retention_days": 30,
    "transient": false,
    "managed": true,
    "ENTERPRISE_DATA_DOMAIN": "YES",
    "DATA_OWNER": "anand.kanhere@novartis.com",
    "SUB_DOMAIN_OWNER": "rudi.ager@novartis.com",
    "EDO_DELEGATE": "ashok_vardhan.vennapusa@novartis.com",
    "ISRM_BISM_DATA_CLASSIFICATION": "amrendra.singh@novartis.com",
    "DOMAIN_DATA_GOVERNANCE": "ashok_vardhan.vennapusa@novartis.com",
    "TT_DELIVERY_LEAD": "wolfgang.schleifer@novartis.com",
    "DOMAIN_ARCHITECT": "sunita.agarwal_ext@novartis.com",
    "DATA_ARCHITECT": "sridhar.badugu@novartis.com",
    "DATA_STEWARD": "chandan.patare@novartis.com",
    "DATA_MODELER": "nupur.jha@novartis.com",
    "EDATA_AUTHOR": "chandan.patare@novartis.com"
  },
  {
    "db_name": "BUSINESS_SOLUTIONS",
    "schema_name": "CORPORATE_RESPONSIBILITY",
    "db_comment": "BUSINESS SOLUTIONS DATA DOMAIN - REFINEMENT LAYER",
    "schema_comment": "REFINEMENT LAYER CORPORATE RESPONSIBILITY SUB DATA DOMAIN IN BUSINESS SOLUTIONS DATA DOMAIN",
    "db_retention_days": 30,
    "schema_retention_days": 30,
    "transient": false,
    "managed": true,
    "ENTERPRISE_DATA_DOMAIN": "YES",
    "DATA_OWNER": "bernard.saint_hubert@novartis.com",
    "SUB_DOMAIN_OWNER": "bernard.saint_hubert@novartis.com",
    "EDO_DELEGATE": "TBD",
    "ISRM_BISM_DATA_CLASSIFICATION": "yen.lee@novartis.com",
    "DOMAIN_DATA_GOVERNANCE": "TBD",
    "TT_DELIVERY_LEAD": "sharon.reid@novartis.com",
    "DOMAIN_ARCHITECT": "TBD",
    "DATA_ARCHITECT": "TBD",
    "DATA_STEWARD": "TBD",
    "DATA_MODELER": "TBD",
    "EDATA_AUTHOR": "bernard.saint_hubert@novartis.com"
  },
  {
    "db_name": "BUSINESS_SOLUTIONS",
    "schema_name": "ETHICS_RISK_AND_COMPLIANCE",
    "db_comment": "BUSINESS SOLUTIONS DATA DOMAIN - REFINEMENT LAYER",
    "schema_comment": "REFINEMENT LAYER ETHICS RISK&COMPLIANCE SUB DATA DOMAIN IN BUSINESS SOLUTIONS DATA DOMAIN",
    "db_retention_days": 30,
    "schema_retention_days": 30,
    "transient": false,
    "managed": true,
    "ENTERPRISE_DATA_DOMAIN": "YES",
    "DATA_OWNER": "antoine.ferrere@novartis.com",
    "SUB_DOMAIN_OWNER": "antoine.ferrere@novartis.com",
    "EDO_DELEGATE": "mrityunjay.singh@novartis.com",
    "ISRM_BISM_DATA_CLASSIFICATION": "yen.lee@novartis.com",
    "DOMAIN_DATA_GOVERNANCE": "mrityunjay.singh@novartis.com",
    "TT_DELIVERY_LEAD": "sharon.reid@novartis.com",
    "DOMAIN_ARCHITECT": "TBD",
    "DATA_ARCHITECT": "sridhar.badugu@novartis.com",
    "DATA_STEWARD": "TBD",
    "DATA_MODELER": "swathi.karmarkar@novartis.com",
    "EDATA_AUTHOR": "antoine.ferrere@novartis.com"
  },
  {
    "db_name": "BUSINESS_SOLUTIONS",
    "schema_name": "INFORMATION_TECHNOLOGY",
    "db_comment": "BUSINESS SOLUTIONS DATA DOMAIN - REFINEMENT LAYER",
    "schema_comment": "REFINEMENT LAYER INFORMATION TECHNOLOGY SUB DATA DOMAIN IN BUSINESS_SOLUTIONS DATA DOMAIN",
    "db_retention_days": 30,
    "schema_retention_days": 30,
    "transient": false,
    "managed": true,
    "ENTERPRISE_DATA_DOMAIN": "YES",
    "DATA_OWNER": "chandresh.murti@novartis.com",
    "SUB_DOMAIN_OWNER": "chandresh.murti@novartis.com",
    "EDO_DELEGATE": "chitty_bhottlu.tangirala@novartis.com",
    "ISRM_BISM_DATA_CLASSIFICATION": "yen.lee@novartis.com",
    "DOMAIN_DATA_GOVERNANCE": "rudy.tanaga_tan@novartis.com",
    "TT_DELIVERY_LEAD": "dalia.zaccarelli@novartis.com",
    "DOMAIN_ARCHITECT": "Gayatri Rout",
    "DATA_ARCHITECT": "TBD",
    "DATA_STEWARD": "TBD",
    "DATA_MODELER": "swathi.karmarkar@novartis.com",
    "EDATA_AUTHOR": "chandresh.murti@novartis.com"
  },
  {
    "db_name": "BUSINESS_SOLUTIONS",
    "schema_name": "REAL_ESTATE_AND_FACILITY_MANAGEMENT",
    "db_comment": "BUSINESS SOLUTIONS DATA DOMAIN - REFINEMENT LAYER",
    "schema_comment": "REFINEMENT LAYER REAL ESTATE&FACILITY MANAGEMENT SUB DATA DOMAIN IN BUSINESS SOLUTIONS DATA DOMAIN",
    "db_retention_days": 30,
    "schema_retention_days": 30,
    "transient": false,
    "managed": true,
    "ENTERPRISE_DATA_DOMAIN": "YES",
    "DATA_OWNER": "jan.gistr@novartis.com",
    "SUB_DOMAIN_OWNER": "jan.gistr@novartis.com",
    "EDO_DELEGATE": "TBD",
    "ISRM_BISM_DATA_CLASSIFICATION": "yen.lee@novartis.com",
    "DOMAIN_DATA_GOVERNANCE": "jan.gistr@novartis.com",
    "TT_DELIVERY_LEAD": "dalia.zaccarelli@novartis.com",
    "DOMAIN_ARCHITECT": "michal.chodorev@novartis.com",
    "DATA_ARCHITECT": "michal.chodorev@novartis.com",
    "DATA_STEWARD": "TBD",
    "DATA_MODELER": "nupur.jha@novartis.com",
    "EDATA_AUTHOR": "jan.gistr@novartis.com"
  },
  {
    "db_name": "BUSINESS_SOLUTIONS",
    "schema_name": "SUSTAINABILITY",
    "db_comment": "BUSINESS SOLUTIONS DATA DOMAIN - REFINEMENT LAYER",
    "schema_comment": "REFINEMENT LAYER SUSTAINABILITY SUB DATA DOMAIN IN BUSINESS_SOLUTIONS DATA DOMAIN",
    "db_retention_days": 30,
    "schema_retention_days": 30,
    "transient": false,
    "managed": true,
    "ENTERPRISE_DATA_DOMAIN": "YES",
    "DATA_OWNER": "balaji.g@novartis.com",
    "SUB_DOMAIN_OWNER": "balaji.g@novartis.com",
    "EDO_DELEGATE": "balaji.g@novartis.com",
    "ISRM_BISM_DATA_CLASSIFICATION": "yen.lee@novartis.com",
    "DOMAIN_DATA_GOVERNANCE": "balaji.g@novartis.com",
    "TT_DELIVERY_LEAD": "dalia.zaccarelli@novartis.com",
    "DOMAIN_ARCHITECT": "michal.chodorev@novartis.com",
    "DATA_ARCHITECT": "michal.chodorev@novartis.com",
    "DATA_STEWARD": "TBD",
    "DATA_MODELER": "swathi.karmarkar@novartis.com",
    "EDATA_AUTHOR": "balaji.g@novartis.com"
  },
  {
    "db_name": "ENTERPRISE",
    "schema_name": "ENTERPRISE",
    "db_comment": "ENTERPRISE DATA DOMAIN - REFINEMENT LAYER",
    "schema_comment": "REFINEMENT LAYER ENTERPRISE SUB DATA DOMAIN IN ENTERPRISE DATA DOMAIN",
    "db_retention_days": 30,
    "schema_retention_days": 30,
    "transient": false,
    "managed": true,
    "ENTERPRISE_DATA_DOMAIN": "YES",
    "DATA_OWNER": "bernard.saint_hubert@novartis.com",
    "SUB_DOMAIN_OWNER": "bernard.saint_hubert@novartis.com",
    "EDO_DELEGATE": "TBD",
    "ISRM_BISM_DATA_CLASSIFICATION": "titus.melnyk@novartis.com",
    "DOMAIN_DATA_GOVERNANCE": "bernard.saint_hubert@novartis.com",
    "TT_DELIVERY_LEAD": "susan.linnell@novartis.com",
    "DOMAIN_ARCHITECT": "TBD",
    "DATA_ARCHITECT": "mitesh.parekh@novartis.com",
    "DATA_STEWARD": "TBD",
    "DATA_MODELER": "raja_sekhar.anam@sandoz.com",
    "EDATA_AUTHOR": "bernard.saint_hubert@novartis.com"
  },
  {
    "db_name": "BUSINESS_SOLUTIONS",
    "schema_name": "LEGAL",
    "db_comment": "BUSINESS SOLUTIONS DATA DOMAIN - REFINEMENT LAYER",
    "schema_comment": "REFINEMENT LAYER LEGAL SUB DATA DOMAIN IN BUSINESS SOLUTIONS DATA DOMAIN",
    "db_retention_days": 30,
    "schema_retention_days": 30,
    "transient": false,
    "managed": true,
    "ENTERPRISE_DATA_DOMAIN": "YES",
    "DATA_OWNER": "TBD",
    "SUB_DOMAIN_OWNER": "bernard.saint_hubert@novartis.com",
    "EDO_DELEGATE": "TBD",
    "ISRM_BISM_DATA_CLASSIFICATION": "TBD",
    "DOMAIN_DATA_GOVERNANCE": "TBD",
    "TT_DELIVERY_LEAD": "sharon.reid@novartis.com",
    "DOMAIN_ARCHITECT": "TBD",
    "DATA_ARCHITECT": "TBD",
    "DATA_STEWARD": "TBD",
    "DATA_MODELER": "TBD",
    "EDATA_AUTHOR": "bernard.saint_hubert@novartis.com"
  },
  {
    "db_name": "DRUG_DEVELOPMENT",
    "schema_name": "CLINICAL_DATA_MANGEMENT",
    "db_comment": "DRUG DEVELOPMENT DATA DOMAIN - REFINEMENT LAYER",
    "schema_comment": "REFINEMENT LAYER CLINICAL DATA MANGEMENT SUB DATA DOMAIN IN DRUG DEVELOPMENT DATA DOMAIN",
    "db_retention_days": 30,
    "schema_retention_days": 30,
    "transient": false,
    "managed": true,
    "ENTERPRISE_DATA_DOMAIN": "YES",
    "DATA_OWNER": "anand.kanhere@novartis.com",
    "SUB_DOMAIN_OWNER": "rudi.ager@novartis.com",
    "EDO_DELEGATE": "ashok_vardhan.vennapusa@novartis.com",
    "ISRM_BISM_DATA_CLASSIFICATION": "amrendra.singh@novartis.com",
    "DOMAIN_DATA_GOVERNANCE": "ashok_vardhan.vennapusa@novartis.com",
    "TT_DELIVERY_LEAD": "wolfgang.schleifer@novartis.com",
    "DOMAIN_ARCHITECT": "sunita.agarwal_ext@novartis.com",
    "DATA_ARCHITECT": "sridhar.badugu@novartis.com",
    "DATA_STEWARD": "chandan.patare@novartis.com",
    "DATA_MODELER": "nupur.jha@novartis.com",
    "EDATA_AUTHOR": "chandan.patare@novartis.com"
  },
  {
    "db_name": "CUSTOMER",
    "schema_name": "MDM",
    "db_comment": "CUSTOMER DATA DOMAIN - REFINEMENT LAYER",
    "schema_comment": "REFINEMENT LAYER MDM TECHNICAL SUB DATA DOMAIN IN CUSTOMER DATA DOMAIN",
    "db_retention_days": 30,
    "schema_retention_days": 30,
    "transient": false,
    "managed": true,
    "ENTERPRISE_DATA_DOMAIN": "YES",
    "DATA_OWNER": "ignacio.huesa@novartis.com",
    "SUB_DOMAIN_OWNER": "ignacio.huesa@novartis.com, punit.goyal@novartis.com",
    "EDO_DELEGATE": "kamal-1.sharma@novartis.com",
    "ISRM_BISM_DATA_CLASSIFICATION": "suresh.ramaswamy@novartis.com",
    "DOMAIN_DATA_GOVERNANCE": "kamal-1.sharma@novartis.com",
    "TT_DELIVERY_LEAD": "vikram-2.singh@novartis.com",
    "DOMAIN_ARCHITECT": "mark.tramposch@novartis.com",
    "DATA_ARCHITECT": "sujit.murumkar@novartis.com",
    "DATA_STEWARD": "TBD",
    "DATA_MODELER": "raja_sekhar.anam@sandoz.com",
    "EDATA_AUTHOR": "ignacio.huesa@novartis.com, punit.goyal@novartis.com"
  },
  {
    "db_name": "PROCUREMENT",
    "schema_name": "MDM",
    "db_comment": "PROCUREMENT DATA DOMAIN - REFINEMENT LAYER",
    "schema_comment": "REFINEMENT LAYER MDM TECHNICAL SUB DATA DOMAIN IN PROCUREMENT DATA DOMAIN",
    "db_retention_days": 30,
    "schema_retention_days": 30,
    "transient": false,
    "managed": true,
    "ENTERPRISE_DATA_DOMAIN": "YES",
    "DATA_OWNER": "praveen.selvam@novartis.com",
    "SUB_DOMAIN_OWNER": "praveen.selvam@novartis.com",
    "EDO_DELEGATE": "praveen.selvam@novartis.com",
    "ISRM_BISM_DATA_CLASSIFICATION": "yen.lee@novartis.com",
    "DOMAIN_DATA_GOVERNANCE": "praveen.selvam@novartis.com",
    "TT_DELIVERY_LEAD": "dalia.zaccarelli@novartis.com",
    "DOMAIN_ARCHITECT": "sreedhar.kanchanapalli@novartis.com",
    "DATA_ARCHITECT": "harish.jangala@novartis.com",
    "DATA_STEWARD": "parth.nagar@novartis.com",
    "DATA_MODELER": "swathi.karmarkar@novartis.com",
    "EDATA_AUTHOR": "praveen.selvam@novartis.com"
  }
]