[
  {     
    "ritm": "Created on request based on e-mail thread <RE: Data integration F1 Europe to Glassbox >",   
    "uc_name": "SNOW",     
    "db_name": "PUBLISH_DB",     
    "table_list": ["CATALOG_ITEM", "REQUESTED_ITEM", "REQUESTED_ITEM_VAR_OWNERSHIP", "REQUESTED_ITEM_OPTION", "SERVICE_USER_ALL"],     
    "schema_name": "ALL_COM_B_GBL_SNOW",
    "dest_schema": "COM_US_PHARMA_AUDIT.SYSTEM_AUDIT_SCHEMA",     
    "dest_role_name": "_COM_US_PHARMA_AUDIT_DDL",     
    "wh_name_in_source": "PUBLISH_SNOW_WH_M",     
    "wh_name_in_destination": "COM_US_PHARMA_DP_WH1"   
  },
  {
    "ritm": "Created on request based on CDHIM and RITM5862108",
    "uc_name": "CDHIM",
    "db_name": "DATA_EXCHANGE_UNIFIED",
    "table_list": [ "SV_ACCOUNT_PLAN", "SV_ACCOUNT_PLAN_ACTION", "SV_ACCOUNT_PLAN_CARE_ABOUT", "SV_ACCOUNT_PLAN_MEMBER", "SV_ACCOUNT_PLAN_STAKEHOLDER", "SV_ACCOUNT_PLAN_STRATEGY", "SV_ACCOUNT_PLAN_TACTIC", "SV_APPROVED_DOCUMENT", "SV_CLM_PRESENTATION", "SV_CLM_PRESENTATION_SLIDE", "SV_CUSTOMER", "SV_CUSTOMER_ADDRESS", "SV_CUSTOMER_AFFILIATION", "SV_CUSTOMER_CHANNEL_PREFERENCE", "SV_CUSTOMER_COMMUNICATION", "SV_CUSTOMER_COMMUNICATION_HIST", "SV_CUSTOMER_CONSENT", "SV_CUSTOMER_CONSENT_DETAIL", "SV_CUSTOMER_CONTRIBUTION", "SV_CUSTOMER_EDUCATION", "SV_CUSTOMER_EXTENSION", "SV_CUSTOMER_HCO", "SV_CUSTOMER_HCP", "SV_CUSTOMER_HIST", "SV_CUSTOMER_INFLUENCE", "SV_CUSTOMER_JOURNEY_STAGE", "SV_CUSTOMER_MULTICHANNEL_ACTIVITY", "SV_CUSTOMER_REFERENCE", "SV_CUSTOMER_REFERENCE_HIST", "SV_CUSTOMER_SAMPLE_LIMIT", "SV_CUSTOMER_SEGMENT", "SV_CUSTOMER_SEGMENT_HIST", "SV_CUSTOMER_SPECIALTY", "SV_CUSTOMER_TERRITORY", "SV_CUSTOMER_THERAPEUTIC_AREA", "SV_EMPLOYEE_FIELDFORCE", "SV_EMPLOYEE_FIELDFORCE_ADDRESS", "SV_EMPLOYEE_FIELDFORCE_COMMUNICATION", "SV_EMPLOYEE_FIELDFORCE_DEVICE_SYNC", "SV_EMPLOYEE_FIELDFORCE_PRODUCT", "SV_EMPLOYEE_FIELDFORCE_SUG", "SV_EMPLOYEE_FIELDFORCE_SUG_DISMISS", "SV_EMPLOYEE_FIELDFORCE_SUG_FEEDBACK", "SV_EMPLOYEE_FIELDFORCE_TEAM", "SV_EMPLOYEE_FIELDFORCE_TERRITORY", "SV_EMPLOYEE_FIELDFORCE_TOT", "SV_EVENT_BUDGET_POSITION", "SV_EVENT_BUDGET_REQUEST", "SV_INTERACTION", "SV_INTERACTION_ADDRESS", "SV_INTERACTION_APPROVED_EMAIL", "SV_INTERACTION_APPROVED_EMAIL_ACT", "SV_INTERACTION_APPROVED_EMAIL_FRGMNT", "SV_INTERACTION_CALL", "SV_INTERACTION_CALL_KEY_MESSAGE", "SV_INTERACTION_CALL_SAMPLE", "SV_INTERACTION_DISCUSSION_TOPIC", "SV_INTERACTION_EVENT", "SV_INTERACTION_EVENT_ORGANIZER", "SV_INTERACTION_EVENT_TGT_AUDIENCE", "SV_INTERACTION_PLAN_CHANNEL", "SV_INTERACTION_PLAN_CUSTOMER", "SV_INTERACTION_PLAN_CYCLE", "SV_INTERACTION_PLAN_CYCLE_CHANNEL", "SV_INTERACTION_PLAN_CYCLE_PRODUCT", "SV_INTERACTION_PLAN_EMP_FIELDFORCE", "SV_INTERACTION_PLAN_PRODUCT", "SV_INTERACTION_PRODUCT", "SV_INTERACTION_PRODUCT_TOPIC", "SV_KEY_MESSAGE", "SV_MARKETING_PRODUCT", "SV_MARKETING_PRODUCT_JOURNEY_STAGE", "SV_MARKETING_PROD_JOURNEY_STG_ACTN", "SV_MEDICAL_INSIGHT", "SV_MULTICHANNEL_ACTIVITY", "SV_MULTICHANNEL_ACTIVITY_LINE", "SV_REMOTE_MEETING", "SV_REMOTE_MEETING_ATTENDEE", "SV_SAMPLE_TRANSACTION", "SV_SURVEY", "SV_SURVEY_DISTRIBUTION_CHANNEL", "SV_SURVEY_QUESTION", "SV_SURVEY_RESPONSE", "SV_SURVEY_TARGET", "SV_SURVEY_TARGET_AUDIENCE", "SV_TERRITORY", "SV_TERRITORY_MODEL", "SV_TERRITORY_TYPE", "SV_INTERACTION_ATTENDEE", "SV_ARD_INTR_INTERACTION", "SV_ARD_INTR_INTERACTION_DETAIL", "SV_SURVEY_TARGET_EXTENSION", "SV_ARD_INTR_CALENDAR", "SV_ARD_INTR_CUSTOMER", "SV_ARD_INTR_EMPLOYEE_HIERARCHY", "SV_EMAIL_CAMPAIGN_BOUNCE", "SV_EMAIL_CAMPAIGN_CLICK", "SV_EMAIL_CAMPAIGN_OPEN", "SV_EMAIL_CAMPAIGN_SENT", "SV_EMAIL_CAMPAIGN_SUBSCRIBER", "SV_EMAIL_CAMPAIGN_SYSTEM_JOB", "SV_EMAIL_CAMPAIGN_UNSENT", "SV_EMAIL_CAMPAIGN_UNSUBSCRIBE", "SV_SURVEY_EXTENSION_FIELD", "SV_SURVEY_QUESTION_OPTION", "SV_EMAIL_CAMPAIGN_JOURNEY", "SV_EMAIL_CAMPAIGN_JOURNEY_TAG", "SV_EMAIL_CAMPAIGN_TAG" ],
    "schema_name": "CDHIM_DATA_EXCHANGE",
    "dest_schema": "COM_LACAN_BR_IM_DNA_INT.ALL_COM_PUB_CDHIM",
    "dest_role_name": "F1_PROD_SNO_GBX_COM_BRAZIL_DATA_ANALYST",
    "wh_name_in_source": "COM_EU_PHARMA_CDHIMIDPDE_WH_M",
    "wh_name_in_destination": "COM_LACAN_DP_WH_XS"
  },
  {     
    "ritm": "Created on request based on AAA - RITM5586887",   
    "uc_name": "AAA",     
    "db_name": "DATA_EXCHANGE_UNIFIED",     
    "table_list": ["V_ROME_ACCOUNT_US", "V_ROME_APPOINTMENT_US", "V_ROME_AX_ORDER_TYPE_US", "V_ROME_AX_PRICING_TYPE_US", "V_ROME_DELIVERY_ADDRESS_US", "V_ROME_INITIAL_PURPOSE_TYPE_US", "V_ROME_ORDER_NOTE_US", "V_ROME_ORDER_STATUS_CATEGORY_TYPE_US", "V_ROME_ORDER_STATUS_TYPE_US", "V_ROME_ORDER_US", "V_ROME_ORGANIZATION_US", "V_ROME_PRICING_TYPE_US", "V_ROME_PRODUCT_TYPE_US", "V_ROME_REASON_CATEGORY_US", "V_ROME_REASON_US", "V_ROME_RESCHEDULING_OPTION_US", "V_ROME_RESCHEDULING_PERIOD_US", "V_ROME_RESEARCH_ORDER_TYPE_US", "V_ROME_WAREHOUSE_US", "V_ROME_CUSTOMER_FEEDBACK_US", "V_ROME_INVENTORY_US", "V_ROME_INVENTORY_HISTORY_US", "V_ROME_ORDER_HISTORY_US", "V_ROME_USER_US", "V_ROME_USER_ACCOUNT_US", "V_ROME_USER_ROLE_US", "V_ROME_INVENTORY_DEFAULT_US", "V_ROME_ORDER_TYPE_US", "V_ROME_RESEARCH_ORDER_CATEGORY_TYPE_US", "V_ROME_DYNAMICS_ORDER_STATUS_TRANSACTION_US", "V_ROME_PRICING_GROUP_CATEGORY_US"],     
    "schema_name": "AAA_DATA_EXCHANGE",
    "dest_schema": "COM_US_PHARMA_STG.STG_SALES",     
    "dest_role_name": "F1_PRD_IMDNA_AAA_DATA_ANALYST",
    "wh_name_in_source": "CUST_GLOBAL_AAA_WH1",     
    "wh_name_in_destination": "COM_US_IM_DNA_SM"   
  }
]