[
  {     
    "ritm": "Created on request based on e-mail thread <RE: Data integration F1 Europe to Glassbox >",   
    "uc_name": "SNOW",     
    "db_name": "PUBLISH_DB",     
    "table_list": ["CATALOG_ITEM", "REQUESTED_ITEM", "REQUESTED_ITEM_VAR_OWNERSHIP", "REQUESTED_ITEM_OPTION", "SERVICE_USER_ALL"],     
    "schema_name": "ALL_COM_B_GBL_SNOW",
    "dest_schema": "COM_US_PHARMA_AUDIT.SYSTEM_AUDIT_SCHEMA",     
    "dest_role_name": "_COM_US_PHARMA_AUDIT_DDL",     
    "wh_name_in_source": "PUBLISH_SNOW_WH_M",     
    "wh_name_in_destination": "COM_US_PHARMA_DP_WH1"
  },
  {     
    "ritm": "RITM5693726 - Created on request based on AAA email:- RE: APPROVALS: FW: ROME Order data (RLT) replication from FormulaOne AAA Datalake (EU) to US for Patient Data Store",   
    "uc_name": "AAA",     
    "db_name": "DATA_EXCHANGE_UNIFIED",     
    "table_list": ["V_ROME_ACCOUNT_US", "V_ROME_APPOINTMENT_US", "V_ROME_AX_ORDER_TYPE_US", "V_ROME_AX_PRICING_TYPE_US", "V_ROME_DELIVERY_ADDRESS_US", "V_ROME_INITIAL_PURPOSE_TYPE_US", "V_ROME_ORDER_NOTE_US", "V_ROME_ORDER_STATUS_CATEGORY_TYPE_US", "V_ROME_ORDER_STATUS_TYPE_US", "V_ROME_ORDER_US", "V_ROME_ORGANIZATION_US", "V_ROME_PRICING_TYPE_US", "V_ROME_PRODUCT_TYPE_US", "V_ROME_REASON_CATEGORY_US", "V_ROME_REASON_US", "V_ROME_RESCHEDULING_OPTION_US", "V_ROME_RESCHEDULING_PERIOD_US", "V_ROME_RESEARCH_ORDER_TYPE_US", "V_ROME_WAREHOUSE_US", "V_ROME_CUSTOMER_FEEDBACK_US", "V_ROME_INVENTORY_US", "V_ROME_INVENTORY_HISTORY_US", "V_ROME_ORDER_HISTORY_US", "V_ROME_USER_US", "V_ROME_USER_ACCOUNT_US", "V_ROME_USER_ROLE_US", "V_ROME_INVENTORY_DEFAULT_US", "V_ROME_ORDER_TYPE_US", "V_ROME_RESEARCH_ORDER_CATEGORY_TYPE_US", "V_ROME_DYNAMICS_ORDER_STATUS_TRANSACTION_US", "V_ROME_PRICING_GROUP_CATEGORY_US"],     
    "schema_name": "AAA_DATA_EXCHANGE",
    "dest_schema": "COM_US_PHARMA_STG.STG_SALES",     
    "dest_role_name": "F1_QA_IMDNA_AAA_DATA_ANALYST",
    "wh_name_in_source": "CUST_GLOBAL_AAA_WH1",     
    "wh_name_in_destination": "COM_US_IM_DNA_SM"   
  }
]
