[
  {
    "ritm": "https://novartisdevelop.atlassian.net/wiki/spaces/FOR/pages/207362035688/GAIA+AI+Snowflake+data+replication+in+lower+environments+D+Q+from+Production",
    "uc_name": "GAIA_AI",
    "environment": 
      [
        "Dev",
        "qa"
      ],
    "schema_list": 
      [
        "PUBLISH_DB.cbs_glb_im_gaia_pred_conf", 
        "PUBLISH_DB.CBS_GLB_IM_GAIA_PRED_IMS", 
        "PUBLISH_DB.CBS_GLB_IM_GAIA_PRED_MCF", 
        "PUBLISH_DB.CBS_GLB_IM_GAIA_PRED_MCF_AI", 
        "PUBLISH_DB.CBS_GLB_IM_GAIA_PRED_OUT_MCF", 
        "PUBLISH_DB.CBS_GLB_IM_GAIA_PRED_OUT_RA", 
        "PUBLISH_DB.CBS_GLB_IM_GAIA_PRED_OUT_SFC", 
        "PUBLISH_DB.CBS_GLB_IM_GAIA_PRED_RA", 
        "PUBLISH_DB.CBS_GLB_IM_GAIA_PRED_RA_AI", 
        "PUBLISH_DB.CBS_GLB_IM_GAIA_PRED_REP",
        "PUBLISH_DB.CBS_GLB_IM_GAIA_PRED_SFC_AI",
        "PUBLISH_DB.CBS_GLB_IM_GAIA_PRED_SRC"
      ],
    "table_replication": "ALL",
    "table_list": 
      [
        ""
      ],
    "dest_role_name": 
      [
        "F1_DEV_SNO_GAIA_DATA_ENGINEER_II",
        "F1_QA_SNO_GAIA_DATA_ENGINEER_II"
      ]
  },
  {
    "ritm": "RITM5500185",
    "uc_name": "JPDARWIN",
    "environment": 
      [
        "qa"
      ],
    "schema_list": 
      [
        "PUBLISH_DB.JPDARWIN_ENRCH"
      ],
    "table_replication": "ALL",
    "table_list": 
      [
        ""
      ],
    "dest_role_name": 
      [
        "F1_QA_SNO_JPDARWIN_DATA_ANALYST"
      ]
  }
]
