[
    {
        "APP_ID": "45186",
        "APP_NAME": "Next Best Action (NBA)",
        "COST_CENTER": "PRJ0177860",
        "DESCRIPTION": "ACTalya is not a Novartis IT application, but rather a bundle of internal IT services and IT systems required to enable the capabilities that AKTANA business service can deliver",
        "LAYER": "PUBLISH",
        "OWNER": "khizar.jan@novartis.com",
        "SUBJECT_AREA": "NA",
        "USE_CASE": "ACTalya",
        "WAREHOUSE_NAME": "ACTALYA_WH_M",
        "DOMAIN": "IM I"
    },
    {
        "APP_ID": "50544",
        "APP_NAME": "ATTEST",
        "COST_CENTER": "091915",
        "DESCRIPTION": "As a part of Publish",
        "LAYER": "PUBLISH",
        "OWNER": "sammilan.dey@novartis.com",
        "SUBJECT_AREA": "NA",
        "USE_CASE": "ATTEST",
        "WAREHOUSE_NAME": "ATT_WH_M",
        "DOMAIN": "GF"
    },
    {
        "APP_ID": "PRJ0177990",
        "APP_NAME": "GTX_EU",
        "COST_CENTER": "PRJ0177990",
        "DESCRIPTION": "NA",
        "LAYER": "REFINEMENT",
        "OWNER": "alejandra.hernandez@novartis.com",
        "SUBJECT_AREA": "NA",
        "USE_CASE": "AVEXIS",
        "WAREHOUSE_NAME": "AVEXIS_WH_M",
        "DOMAIN": "IM I"
    },
    {
        "APP_ID": "45165",
        "APP_NAME": "BIONET",
        "COST_CENTER": "45165",
        "DESCRIPTION": "As a part of refinement layer",
        "LAYER": "REFINEMENT",
        "OWNER": "adela.perijoc_ext@novartis.com",
        "SUBJECT_AREA": "NA",
        "USE_CASE": "BIONET",
        "WAREHOUSE_NAME": "BIONET_WH_M",
        "DOMAIN": "IM I"
    },
    {
        "APP_ID": "44604",
        "APP_NAME": "OneTrust platform",
        "COST_CENTER": "PRJ0623841",
        "DESCRIPTION": "Started by user Sai Akhil, Badam Venkata (Ext) / onboarded via Jenkis JOB_ID: 346",
        "LAYER": "PUBLISH",
        "OWNER": "sandra.mielke@novartis.com",
        "SUBJECT_AREA": "NA",
        "USE_CASE": "ONETRUST",
        "WAREHOUSE_NAME": "CBS_EU_GRPLEGAL_ONETRUST_WH_XS",
        "DOMAIN": "GF"
    },
    {
        "APP_ID": "44828",
        "APP_NAME": "ERC",
        "COST_CENTER": "44828",
        "DESCRIPTION": "NA",
        "LAYER": "PUBLISH",
        "OWNER": "balaji.mugunthan@novartis.com",
        "SUBJECT_AREA": "SUBJECT_AREA",
        "USE_CASE": "ERC",
        "WAREHOUSE_NAME": "CBS_EU_IM_ERC_WH_M",
        "DOMAIN": "GF"
    },
    {
        "APP_ID": "45879",
        "APP_NAME": "GHIC",
        "COST_CENTER": "45879",
        "DESCRIPTION": "NA",
        "LAYER": "PUBLISH",
        "OWNER": "hussam.haider@novartis.com",
        "SUBJECT_AREA": "GHIC",
        "USE_CASE": "GHIC",
        "WAREHOUSE_NAME": "CBS_EU_PHARMA_GHIC_WH_M",
        "DOMAIN": "GF"
    },
    {
        "APP_ID": "45879",
        "APP_NAME": "GHIC",
        "COST_CENTER": "45879",
        "DESCRIPTION": "onboarded via Jenkis / JOB_ID: NA",
        "LAYER": "PUBLISH",
        "OWNER": "laurent.marrou@novartis.com",
        "SUBJECT_AREA": "GHCR",
        "USE_CASE": "GHIC",
        "WAREHOUSE_NAME": "CBS_EU_PHARMA_GHIC_WH_S",
        "DOMAIN": "GF"
    },
    {
        "APP_ID": "PRJ0178169",
        "APP_NAME": "SUPPLIER_INVOICE_PORTAL",
        "COST_CENTER": "PRJ0178169",
        "DESCRIPTION": "NA",
        "LAYER": "PUBLISH",
        "OWNER": "harish.jangala@novartis.com",
        "SUBJECT_AREA": "PROCUREMENT_PUBLISH",
        "USE_CASE": "SIP",
        "WAREHOUSE_NAME": "CBS_EU_SIPPUB_WH1",
        "DOMAIN": "GF"
    },
    {
        "APP_ID": "50761",
        "APP_NAME": "NCC",
        "COST_CENTER": "50761",
        "DESCRIPTION": "As part of publish layer - Anomaly Detection - NCC Spend Analysis",
        "LAYER": "PUBLISH",
        "OWNER": "eva.kadlecova@novartis.com",
        "SUBJECT_AREA": "NA",
        "USE_CASE": "NCC Spend Analysis",
        "WAREHOUSE_NAME": "CBS_GBL_PHARMA_AD_WH1",
        "DOMAIN": "GF"
    },
    {
        "APP_ID": "50526",
        "APP_NAME": "GAIA Predictive Finance",
        "COST_CENTER": "091528",
        "DESCRIPTION": "Job ID:353 Started by user Gujjari, Madava Venkata (Ext) / gujjama1@NOVARTIS.NET",
        "LAYER": "PUBLISH",
        "OWNER": "javier.aloy@novartis.com",
        "SUBJECT_AREA": "NA",
        "USE_CASE": "GAIA",
        "WAREHOUSE_NAME": "CBS_GLB_IMGAIA_WH_S",
        "DOMAIN": "GF"
    },
    {
        "APP_ID": "092744",
        "APP_NAME": "GAIA Predictive Finance",
        "COST_CENTER": "092744",
        "DESCRIPTION": "NA",
        "LAYER": "PUBLISH",
        "OWNER": "vikram.srivastava@novartis.com",
        "SUBJECT_AREA": "FINANCE",
        "USE_CASE": "GAIA_DF_CONF",
        "WAREHOUSE_NAME": "CBS_GLB_IM_GAIA_DF_CONF_WH1",
        "DOMAIN": "GF"
    },
    {
        "APP_ID": "PRJ0177830",
        "APP_NAME": "DigitalFinance_DataLake",
        "COST_CENTER": "092744",
        "DESCRIPTION": "NA",
        "LAYER": "PUBLISH",
        "OWNER": "vikram.srivastava@novartis.com",
        "SUBJECT_AREA": "Finance",
        "USE_CASE": "GAIA_PLAI",
        "WAREHOUSE_NAME": "CBS_GLB_IM_GAIA_PLAI_DE_WH1",
        "DOMAIN": "GF"
    },
    {
        "APP_ID": "PRJ0177830",
        "APP_NAME": "DigitalFinance_DataLake",
        "COST_CENTER": "092744",
        "DESCRIPTION": "NA",
        "LAYER": "PUBLISH",
        "OWNER": "vikram.srivastava@novartis.com",
        "SUBJECT_AREA": "Finance",
        "USE_CASE": "GAIA_PLAI",
        "WAREHOUSE_NAME": "CBS_GLB_IM_GAIA_PLAI_REP_WH2",
        "DOMAIN": "GF"
    },
    {
        "APP_ID": "50526",
        "APP_NAME": "GAIA Predictive Finance",
        "COST_CENTER": "091528",
        "DESCRIPTION": "As a part of publish layer architecture for usecase",
        "LAYER": "PUBLISH",
        "OWNER": "javier.aloy@novartis.com",
        "SUBJECT_AREA": "NA",
        "USE_CASE": "GAIA_PRED",
        "WAREHOUSE_NAME": "CBS_GLB_IM_GAIA_PRED_REP_WH1",
        "DOMAIN": "GF"
    },
    {
        "APP_ID": "50526",
        "APP_NAME": "GAIA Predictive Finance",
        "COST_CENTER": "091528",
        "DESCRIPTION": "As a part of publish layer architecture for usecase",
        "LAYER": "PUBLISH",
        "OWNER": "javier.aloy@novartis.com",
        "SUBJECT_AREA": "NA",
        "USE_CASE": "GAIA",
        "WAREHOUSE_NAME": "CBS_GLB_IM_GAIA_PRED_SRC_WH1",
        "DOMAIN": "GF"
    },
    {
        "APP_ID": "52007",
        "APP_NAME": "Apollo",
        "COST_CENTER": "091532",
        "DESCRIPTION": "As a part of publish layer architecture for usecase",
        "LAYER": "PUBLISH",
        "OWNER": "david.gonzalez_redondo@novartis.com",
        "SUBJECT_AREA": "NA",
        "USE_CASE": "CBS SZ Finance Perf. Mgmt. Product Line",
        "WAREHOUSE_NAME": "CBS_GLB_SZ_APOLLO_PRED_SFC_WH1",
        "DOMAIN": "GF"
    },
    {
        "APP_ID": "52007",
        "APP_NAME": "Apollo",
        "COST_CENTER": "091532",
        "DESCRIPTION": "As a part of publish layer architecture for usecase",
        "LAYER": "PUBLISH",
        "OWNER": "david.gonzalez_redondo@novartis.com",
        "SUBJECT_AREA": "NA",
        "USE_CASE": "CBS SZ Finance Perf. Mgmt. Product Line",
        "WAREHOUSE_NAME": "CBS_GLB_SZ_APOLLO_PRED_SFC_WH2",
        "DOMAIN": "GF"
    },
    {
        "APP_ID": "PRJ0651474",
        "APP_NAME": "Workforce_Insights",
        "COST_CENTER": "PRJ0651474",
        "DESCRIPTION": "onboarded by Ghosh, Rimi (Ext), jenkis BUILD#532",
        "LAYER": "PUBLISH",
        "OWNER": "prabhakar.pandey@novartis.com",
        "SUBJECT_AREA": "NA",
        "USE_CASE": "WFINSIGHTS",
        "WAREHOUSE_NAME": "CBS_GLB_WFINSIGHTS_WH_M",
        "DOMAIN": "GF"
    },
    {
        "APP_ID": "52959",
        "APP_NAME": "CDHIM",
        "COST_CENTER": "PRJ0198697",
        "DESCRIPTION": "NA",
        "LAYER": "REFINEMENT",
        "OWNER": "chen_nee.cheah@novartis.com,oliver.blatt@novartis.com",
        "SUBJECT_AREA": "SUBJECT_AREA",
        "USE_CASE": "CDHIM",
        "WAREHOUSE_NAME": "CDHIM_WH_M",
        "DOMAIN": "IM I"
    },
    {
        "APP_ID": "44730",
        "APP_NAME": "DICE",
        "COST_CENTER": "PRJ0198718",
        "DESCRIPTION": "As a part of refinement/publish layer",
        "LAYER": "PUBLISH",
        "OWNER": "guillermo.martos@novartis.com",
        "SUBJECT_AREA": "CUSTOMER_ACTION, ALIGNMENT",
        "USE_CASE": "DICE",
        "WAREHOUSE_NAME": "COM_EU_PHARMA_DICE_WH1",
        "DOMAIN": "IM I"
    },
    {
        "APP_ID": "52959",
        "APP_NAME": "CDHIM",
        "COST_CENTER": "PRJ0198697",
        "DESCRIPTION": "As part of Publish Layer",
        "LAYER": "PUBLISH",
        "OWNER": "chen_nee.cheah@novartis.com,oliver.blatt@novartis.com",
        "SUBJECT_AREA": "NA",
        "USE_CASE": "CDHIM",
        "WAREHOUSE_NAME": "COM_EU_PHARMA_NGEDIGITAL_WH1",
        "DOMAIN": "IM I"
    },
    {
        "APP_ID": "53287",
        "APP_NAME": "Russia Data & Analytics",
        "COST_CENTER": "PRJ0476766",
        "DESCRIPTION": "NA",
        "LAYER": "PUBLISH",
        "OWNER": "pavan.mangavalli@novartis.com",
        "SUBJECT_AREA": "NA",
        "USE_CASE": "RUSSIAN_DATAANALYTICS",
        "WAREHOUSE_NAME": "COM_EU_PHARMA_RUSSIAN_DATAANALYTICS_WH_M",
        "DOMAIN": "IM I"
    },
    {
        "APP_ID": "50263",
        "APP_NAME": "Culture Sense",
        "COST_CENTER": "089732",
        "DESCRIPTION": "As a part of refinement",
        "LAYER": "REFINEMENT",
        "OWNER": "deepak.chennuri_ext@novartis.com",
        "SUBJECT_AREA": "PEOPLE_AND_ORGANIZATION",
        "USE_CASE": "CSENSE",
        "WAREHOUSE_NAME": "CSENSE_WH_M",
        "DOMAIN": "PNO"
    },
    {
        "APP_ID": "50263",
        "APP_NAME": "Culture Sense",
        "COST_CENTER": "089732",
        "DESCRIPTION": "As a part of refinement",
        "LAYER": "REFINEMENT",
        "OWNER": "deepak.chennuri_ext@novartis.com",
        "SUBJECT_AREA": "PEOPLE_AND_ORGANIZATION",
        "USE_CASE": "CSENSE",
        "WAREHOUSE_NAME": "CSENSE_WH_S",
        "DOMAIN": "PNO"
    },
    {
        "APP_ID": "50483",
        "APP_NAME": "AAAPH2",
        "COST_CENTER": "PRJ0177698",
        "DESCRIPTION": "NA",
        "LAYER": "PUBLISH",
        "OWNER": "alejandra.hernandez@novartis.com, AAA_RLT_PRJ@dl.mgd.novartis.com, OneOps_F1_COMMERCIAL_AAA_DATALAKE_PRJ_GBL@dl.mgd.novartis.com, GB_OPS_AXTRIA_ORG_GBL@dl.mgd.novartis.com",
        "SUBJECT_AREA": "Marketing_and_Sales",
        "USE_CASE": "AAA",
        "WAREHOUSE_NAME": "CUST_GLOBAL_AAA_WH1",
        "DOMAIN": "IM I"
    },
    {
        "APP_ID": "092241",
        "APP_NAME": "CWB",
        "COST_CENTER": "092241",
        "DESCRIPTION": "NA",
        "LAYER": "REFINEMENT, PUBLISH",
        "OWNER": "stephane.morel@novartis.com",
        "SUBJECT_AREA": "NA",
        "USE_CASE": "CWB",
        "WAREHOUSE_NAME": "CWB_WH_M",
        "DOMAIN": "GF"
    },
    {
        "APP_ID": "092241",
        "APP_NAME": "CWB",
        "COST_CENTER": "092241",
        "DESCRIPTION": "NA",
        "LAYER": "REFINEMENT, PUBLISH",
        "OWNER": "stephane.morel@novartis.com",
        "SUBJECT_AREA": "NA",
        "USE_CASE": "CWB",
        "WAREHOUSE_NAME": "CWB_WH_S",
        "DOMAIN": "GF"
    },
    {
        "APP_ID": "052015",
        "APP_NAME": "DCCM",
        "COST_CENTER": "092276",
        "DESCRIPTION": "NA",
        "LAYER": "Publish",
        "OWNER": "marco.danieli@novartis.com",
        "SUBJECT_AREA": "FINANCE",
        "USE_CASE": "DCCM",
        "WAREHOUSE_NAME": "DCCM_WH_M",
        "DOMAIN": "GF"
    },
    {
        "APP_ID": "45879",
        "APP_NAME": "F1_ANALYTICS",
        "COST_CENTER": "45879",
        "DESCRIPTION": "Warehouse used for demo and testing",
        "LAYER": "CONSOLIDATED",
        "OWNER": "rahul.venugopal_ext@novartis.com",
        "SUBJECT_AREA": "F1_PLATFORM",
        "USE_CASE": "F1_PLATFORM",
        "WAREHOUSE_NAME": "DEMO_WH",
        "DOMAIN": "APD-DNP"
    },
    {
        "APP_ID": "44730",
        "APP_NAME": "DICE",
        "COST_CENTER": "PRJ0198718",
        "DESCRIPTION": "As a part of refinement/publish layer",
        "LAYER": "REFINEMENT, PUBLISH",
        "OWNER": "guillermo.martos@novartis.com",
        "SUBJECT_AREA": "CUSTOMER_ACTION, ALIGNMENT",
        "USE_CASE": "DICE",
        "WAREHOUSE_NAME": "DICE_WH_M",
        "DOMAIN": "IM I"
    },
    {
        "APP_ID": "46011",
        "APP_NAME": "DMBB",
        "COST_CENTER": "083674",
        "DESCRIPTION": "As a part of refinement layer",
        "LAYER": "REFINEMENT",
        "OWNER": "rajat.gupta@novartis.com",
        "SUBJECT_AREA": "NA",
        "USE_CASE": "DMBB",
        "WAREHOUSE_NAME": "DMBB_WH_S",
        "DOMAIN": "IM I"
    },
    {
        "APP_ID": "45879",
        "APP_NAME": "IDQ - Informatica",
        "COST_CENTER": "45879",
        "DESCRIPTION": "IDQ WH For refinement layer",
        "LAYER": "REFINEMENT",
        "OWNER": "amitesh.srivastava@novartis.com",
        "SUBJECT_AREA": "NA",
        "USE_CASE": "F1 IDQ",
        "WAREHOUSE_NAME": "DQS_WH_M",
        "DOMAIN": "GF"
    },
    {
        "APP_ID": "44828",
        "APP_NAME": "ERC_W2",
        "COST_CENTER": "44828",
        "DESCRIPTION": "As part of publish",
        "LAYER": "PUBLISH",
        "OWNER": "veronica.breene@novartis.com",
        "SUBJECT_AREA": "GHCA",
        "USE_CASE": "ERC_W2",
        "WAREHOUSE_NAME": "ERCW2_WH_S",
        "DOMAIN": "GF"
    },
    {
        "APP_ID": "50687",
        "APP_NAME": "ESG",
        "COST_CENTER": "092063",
        "DESCRIPTION": "As a part of Refinement/Publish",
        "LAYER": "REFINEMENT, PUBLISH",
        "OWNER": "mihaela.idorasi-leinenbach@novartis.com",
        "SUBJECT_AREA": "SUSTAINABILITY",
        "USE_CASE": "ESG_Reporting",
        "WAREHOUSE_NAME": "ESG_REPORTING_WH_M",
        "DOMAIN": "GF"
    },
    {
        "APP_ID": "50687",
        "APP_NAME": "ESG",
        "COST_CENTER": "092063",
        "DESCRIPTION": "As a part of Refinement/Publish",
        "LAYER": "REFINEMENT, PUBLISH",
        "OWNER": "mihaela.idorasi-leinenbach@novartis.com",
        "SUBJECT_AREA": "SUSTAINABILITY",
        "USE_CASE": "ESG_Reporting",
        "WAREHOUSE_NAME": "ESG_WH_M",
        "DOMAIN": "GF"
    },
    {
        "APP_ID": "50963",
        "APP_NAME": "ES_REPORTING",
        "COST_CENTER": "50963",
        "DESCRIPTION": "NA",
        "LAYER": "REFINEMENT",
        "OWNER": "SARA_KASAE.ARAYA@NOVARTIS.COM",
        "SUBJECT_AREA": "SUSTAINABILITY",
        "USE_CASE": "ES",
        "WAREHOUSE_NAME": "ES_WH_M",
        "DOMAIN": "GF"
    },
    {
        "APP_ID": "50632",
        "APP_NAME": "F1.AI",
        "COST_CENTER": "W1-42763.1.01",
        "DESCRIPTION": "F1AI Platform related - reach out F1.AI_CoreTeam_PRJ <F1.AI_CoreTeam_PRJ@dl.mgd.novartis.com> for more information",
        "LAYER": "F1AI",
        "OWNER": "ciprian.viziteu@novartis.com",
        "SUBJECT_AREA": "DATA SCIENCE AND AI",
        "USE_CASE": "F1AI_USE_CASES",
        "WAREHOUSE_NAME": "F1AIPLAT",
        "DOMAIN": "F1.AI"
    },
    {
        "APP_ID": "91301",
        "APP_NAME": "Artemis CLIP",
        "COST_CENTER": "91301",
        "DESCRIPTION": "NA",
        "LAYER": "Publish",
        "OWNER": "vinoth.manoharan@novartis.com",
        "SUBJECT_AREA": "NA",
        "USE_CASE": "Artemis CLIP",
        "WAREHOUSE_NAME": "FOUNDRY_CLIP_WH_2X",
        "DOMAIN": "GF"
    },
    {
        "APP_ID": "46376",
        "APP_NAME": "F1 Foundry",
        "COST_CENTER": "1-40648.1.01",
        "DESCRIPTION": "NA",
        "LAYER": "Publish",
        "OWNER": "thierry.jeannelle@novartis.com",
        "SUBJECT_AREA": "NA",
        "USE_CASE": "F1 Foundry",
        "WAREHOUSE_NAME": "FOUNDRY_DATA42_WH_M",
        "DOMAIN": "GF"
    },
    {
        "APP_ID": "092744",
        "APP_NAME": "GAIA Predictive Finance",
        "COST_CENTER": "092744",
        "DESCRIPTION": "NA",
        "LAYER": "REFINEMENT",
        "OWNER": "vikram.srivatsava@novartis.com",
        "SUBJECT_AREA": "FINANCE",
        "USE_CASE": "GAIA_DF",
        "WAREHOUSE_NAME": "GAIA_DF_WH_L",
        "DOMAIN": "GF"
    },
    {
        "APP_ID": "092744",
        "APP_NAME": "GAIA Predictive Finance",
        "COST_CENTER": "092744",
        "DESCRIPTION": "NA",
        "LAYER": "REFINEMENT",
        "OWNER": "vikram.srivatsava@novartis.com",
        "SUBJECT_AREA": "FINANCE",
        "USE_CASE": "GAIA_DF",
        "WAREHOUSE_NAME": "GAIA_DF_WH_M",
        "DOMAIN": "GF"
    },
    {
        "APP_ID": "050687",
        "APP_NAME": "ESG REPORTING",
        "COST_CENTER": "091637",
        "DESCRIPTION": "NA",
        "LAYER": "PUBLISH",
        "OWNER": "MIHAELA.IDORASI-LEINENBACH@NOVARTIS.COM",
        "SUBJECT_AREA": "PEOPLE_AND_ORGANIZATION",
        "USE_CASE": "ESG-HR",
        "WAREHOUSE_NAME": "GCC_WH_M",
        "DOMAIN": "GF"
    },
    {
        "APP_ID": "45977",
        "APP_NAME": "GCS",
        "COST_CENTER": "45977",
        "DESCRIPTION": "NA",
        "LAYER": "PUBLISH",
        "OWNER": "raghav.chintapalli@novartis.com",
        "SUBJECT_AREA": "TRD",
        "USE_CASE": "GCS",
        "WAREHOUSE_NAME": "GDD_EU_GCS_WH_S",
        "DOMAIN": "GDD"
    },
    {
        "APP_ID": "W1-43002.1.01",
        "APP_NAME": "RADAR",
        "COST_CENTER": "W1-43002.1.01",
        "DESCRIPTION": "NA",
        "LAYER": "PUBLISH",
        "OWNER": "neha.wathore_ext@novartis.com, camelia.das_ext@novartis.com",
        "SUBJECT_AREA": "regulatory_affairs",
        "USE_CASE": "RADAR",
        "WAREHOUSE_NAME": "GDD_EU_RADAR_WH_S",
        "DOMAIN": "GDD"
    },
    {
        "APP_ID": "45879",
        "APP_NAME": "GHIC",
        "COST_CENTER": "45879",
        "DESCRIPTION": "NA",
        "LAYER": "REFINEMENT",
        "OWNER": "laurent.marrou@novartis.com",
        "SUBJECT_AREA": "GHCR",
        "USE_CASE": "GHIC",
        "WAREHOUSE_NAME": "GHIC_WH_M",
        "DOMAIN": "GF"
    },
    {
        "APP_ID": "50691",
        "APP_NAME": "GTXUS",
        "COST_CENTER": "091892",
        "DESCRIPTION": "NA",
        "LAYER": "PUBLISH",
        "OWNER": "alejandra.hernandez@novartis.com",
        "SUBJECT_AREA": "NA",
        "USE_CASE": "GTX Avexis US",
        "WAREHOUSE_NAME": "GTXUS_WH",
        "DOMAIN": "IM I"
    },
    {
        "APP_ID": "46063",
        "APP_NAME": "IRISK",
        "COST_CENTER": "087725",
        "DESCRIPTION": "As a part of refinement layer",
        "LAYER": "REFINEMENT",
        "OWNER": "niraj.sawant@novartis.com",
        "SUBJECT_AREA": "QUALITY",
        "USE_CASE": "IRISK",
        "WAREHOUSE_NAME": "IRISK_WH_M",
        "DOMAIN": "IM I"
    },
    {
        "APP_ID": "50599",
        "APP_NAME": "Launch360",
        "COST_CENTER": "50599",
        "DESCRIPTION": "NA",
        "LAYER": "REFINEMENT",
        "OWNER": "sanjoy.saha@novartis.com",
        "SUBJECT_AREA": "SUBJECT_AREA",
        "USE_CASE": "L360",
        "WAREHOUSE_NAME": "L360_WH_S",
        "DOMAIN": "IM I"
    },
    {
        "APP_ID": "50653",
        "APP_NAME": "medical DICE",
        "COST_CENTER": "PRJ0198688",
        "DESCRIPTION": "NA",
        "LAYER": "PUBLISH",
        "OWNER": "stephanie.siu@novartis.com",
        "SUBJECT_AREA": "NA",
        "USE_CASE": "MDICE",
        "WAREHOUSE_NAME": "MDICE_WH_M",
        "DOMAIN": "IM I"
    },
    {
        "APP_ID": "50611",
        "APP_NAME": "MINERVA",
        "COST_CENTER": "091800",
        "DESCRIPTION": "As a part of refinement/publish layer architecture for usecase",
        "LAYER": "REFINEMENT, PUBLISH",
        "OWNER": "raghuveer.poduri@novartis.com",
        "SUBJECT_AREA": "MARKET_ACCESS_REVENUE_MGMT, MARKET_ACCESS_CONTRACT_MGMT, FINANCE, INTERACTION, CUSTOMER, PRODUCT,SALES",
        "USE_CASE": "Minerva",
        "WAREHOUSE_NAME": "MINERVA_WH_M",
        "DOMAIN": "IM I"
    },
    {
        "APP_ID": "45879",
        "APP_NAME": "F1_ANALYTICS",
        "COST_CENTER": "45879",
        "DESCRIPTION": "Warehouse used from EBX to SF",
        "LAYER": "CONSOLIDATED",
        "OWNER": "rahul.venugopal_ext@novartis.com",
        "SUBJECT_AREA": "F1_PLATFORM",
        "USE_CASE": "F1_PLATFORM",
        "WAREHOUSE_NAME": "MONITOR_WH",
        "DOMAIN": "APD-DNP"
    },
    {
        "APP_ID": "52959",
        "APP_NAME": "CDHIM",
        "COST_CENTER": "PRJ0198697",
        "DESCRIPTION": "DEDH - Digital Engagement Data Hub will include Data Hub and Dashboards for Digital Assets including Website Analytics,Email campaigns, Social Media, Mobile Applications and more",
        "LAYER": "REFINEMENT,PUBLISH",
        "OWNER": "chen_nee.cheah@novartis.com,oliver.blatt@novartis.com",
        "SUBJECT_AREA": "NA",
        "USE_CASE": "CDHIM",
        "WAREHOUSE_NAME": "NGEDIGITAL_WH_M",
        "DOMAIN": "IM I"
    },
    {
        "APP_ID": "52997",
        "APP_NAME": "NTO-PCE",
        "COST_CENTER": "52997",
        "DESCRIPTION": "NA",
        "LAYER": "Publish",
        "OWNER": "giorgio.rambelli_ext@novartis.com",
        "SUBJECT_AREA": "NA",
        "USE_CASE": "NTO-PCE",
        "WAREHOUSE_NAME": "NTOPCE_WH_L",
        "DOMAIN": "NTO"
    },
    {
        "APP_ID": "50955",
        "APP_NAME": "BRH",
        "COST_CENTER": "50955",
        "DESCRIPTION": "NA",
        "LAYER": "PUBLISH",
        "OWNER": "OneOps_F1_TechOps_QDL_PRJ_GBL@dl.mgd.novartis.com",
        "SUBJECT_AREA": "BRH",
        "USE_CASE": "BRH",
        "WAREHOUSE_NAME": "NTO_EU_PHARMA_BRH_WH_L",
        "DOMAIN": "NTO"
    },
    {
        "APP_ID": "OBBR50955",
        "APP_NAME": "OBBR",
        "COST_CENTER": "092170",
        "DESCRIPTION": "As part of publish layer",
        "LAYER": "REFINEMENT",
        "OWNER": "sara_kasae.araya@novartis.com",
        "SUBJECT_AREA": "OPERATIONS",
        "USE_CASE": "OBBR",
        "WAREHOUSE_NAME": "OBBR_WH_L",
        "DOMAIN": "NTO"
    },
    {
        "APP_ID": "44604",
        "APP_NAME": "OneTrust platform",
        "COST_CENTER": "PRJ0623841",
        "DESCRIPTION": "Started by user Sai Akhil, Badam Venkata (Ext) / onboarded via Jenkis JOB_ID: 346",
        "LAYER": "REFINEMENT",
        "OWNER": "sandra.mielke@novartis.com",
        "SUBJECT_AREA": "IT_SERVICE_MGMT_AND_OPERATIONS",
        "USE_CASE": "ONETRUST",
        "WAREHOUSE_NAME": "ONETRUST_WH_XS",
        "DOMAIN": "GF"
    },
    {
        "APP_ID": "91911",
        "APP_NAME": "OPVLT",
        "COST_CENTER": "091611",
        "DESCRIPTION": "OPV LT F1 project requires a publish layer with storage as per it\u2019s architecture. Hence needs dedicated warehouse for data processing purposes and running batch loads.",
        "LAYER": "PUBLISH",
        "OWNER": "zhanna.mokhava_ext@novartis.com",
        "SUBJECT_AREA": "NA",
        "USE_CASE": "Ongoing Process Verification Long Term",
        "WAREHOUSE_NAME": "OPVLT_WH_M",
        "DOMAIN": "NTO"
    },
    {
        "APP_ID": "91911",
        "APP_NAME": "OPV_MONITOR",
        "COST_CENTER": "091641",
        "DESCRIPTION": "OPV Monitor F1 project requires a refinement layer with Snowflake storage as per it\u2019s architecture. Hence needs dedicated warehouse for data processing purposes and running batch loads and API queries.",
        "LAYER": "REFINEMENT",
        "OWNER": "zhanna.mokhava_ext@novartis.com",
        "SUBJECT_AREA": "MANUFACTURING",
        "USE_CASE": "Ongoing Process Verification Monitor",
        "WAREHOUSE_NAME": "OPV_WH_M",
        "DOMAIN": "NTO"
    },
    {
        "APP_ID": "52986",
		"APP_NAME": "P&O PayLens",
		"COST_CENTER": "PRJ0177960",
		"DESCRIPTION": "Benchmarking Data",
		"LAYER": "REFINEMENT",
		"OWNER": "deepak.chennuri_ext@novartis.com",
		"SUBJECT_AREA": "PNO",
		"USE_CASE": "PAYLENS",
        "WAREHOUSE_NAME": "PAYLENS_WH_M",
        "DOMAIN": "GF"
    },
    {
        "APP_ID": "52986",
		"APP_NAME": "P&O PayLens",
		"COST_CENTER": "PRJ0177960",
		"DESCRIPTION": "Benchmarking Data",
		"LAYER": "REFINEMENT",
		"OWNER": "deepak.chennuri_ext@novartis.com",
		"SUBJECT_AREA": "PNO",
		"USE_CASE": "PAYLENS",
        "WAREHOUSE_NAME": "PAYLENS_WH_S",
        "DOMAIN": "GF"
    },
    {
        "APP_ID": "50563",
        "APP_NAME": "PDLPHASE2",
        "COST_CENTER": "PRJ0177933",
        "DESCRIPTION": "NA",
        "LAYER": "REFINEMENT",
        "OWNER": "harish.jangala@novartis.com",
        "SUBJECT_AREA": "PROCUREMENT_PUBLISH",
        "USE_CASE": "PDLPHASE2",
        "WAREHOUSE_NAME": "PDLPHASE2_WH_M",
        "DOMAIN": "GF"
    },
    {
        "APP_ID": "50965",
        "APP_NAME": "Data Analytics Poland Oncology",
        "COST_CENTER": "PRJ0177442",
        "DESCRIPTION": "As part of publish layer - POLAND ONCOLOGY",
        "LAYER": "PUBLISH",
        "OWNER": "pavan.mangavalli@novartis.com",
        "SUBJECT_AREA": "NA",
        "USE_CASE": "POLAND_ONCOLOGY",
        "WAREHOUSE_NAME": "PLONCOLOGYDA_WH_M",
        "DOMAIN": "IM I"
    },
    {
        "APP_ID": "50544",
        "APP_NAME": "PNO",
        "COST_CENTER": "091915",
        "DESCRIPTION": "As part of Refinement Process",
        "LAYER": "REFINEMENT",
        "OWNER": "ajay_kumar.gourabathina@novartis.com",
        "SUBJECT_AREA": "IT_SERVICE_MGMT_AND_OPERATIONS_UNIFIED",
        "USE_CASE": "PNO",
        "WAREHOUSE_NAME": "PNO_WH_S",
        "DOMAIN": "PNO"
    },
    {
        "APP_ID": "52959",
        "APP_NAME": "PRJ0473644",
        "COST_CENTER": "PRJ0473644",
        "DESCRIPTION": "NA",
        "LAYER": "PUBLISH",
        "OWNER": "carlos_alberto.cabral@novartis.com",
        "SUBJECT_AREA": "CDH_GERMANY_ONCO_ADHOC_ANALYTICS",
        "USE_CASE": "CDHDEAHA",
        "WAREHOUSE_NAME": "PUBLISH_GERMANY_EU_ONCOLOGY_CDHDEAHA_WH1",
        "DOMAIN": "IM I"
    },
    {
        "APP_ID": "52959",
        "APP_NAME": "CDH_GERMANY_PHARMA_ADHOC_ANALYTICS",
        "COST_CENTER": "PRJ0491203",
        "DESCRIPTION": "NA",
        "LAYER": "PUBLISH",
        "OWNER": "philipp.walker@novartis.com",
        "SUBJECT_AREA": "NA",
        "USE_CASE": "CDHDEAHA_PH",
        "WAREHOUSE_NAME": "PUBLISH_GERMANY_EU_PHARMA_CDHDEAHA_PH_WH1",
        "DOMAIN": "IM I"
    },
    {
        "APP_ID": "46063",
        "APP_NAME": "IRISK",
        "COST_CENTER": "087725",
        "DESCRIPTION": "As a part of refinement layer",
        "LAYER": "PUBLISH",
        "OWNER": "niraj.sawant@novartis.com",
        "SUBJECT_AREA": "QUALITY",
        "USE_CASE": "IRISK",
        "WAREHOUSE_NAME": "PUBLISH_IRISK_WH_M",
        "DOMAIN": "IM I"
    },
    {
        "APP_ID": "52986",
		"APP_NAME": "P&O PayLens",
		"COST_CENTER": "PRJ0177960",
		"DESCRIPTION": "Benchmarking Data",
		"LAYER": "REFINEMENT",
		"OWNER": "deepak.chennuri_ext@novartis.com",
		"SUBJECT_AREA": "PNO",
		"USE_CASE": "PAYLENS",
        "WAREHOUSE_NAME": "PUBLISH_PAYLENS_WH",
        "DOMAIN": "GF"
    },
    {
        "APP_ID": "46314",
        "APP_NAME": "SNOW",
        "COST_CENTER": "92072",
        "DESCRIPTION": "As a part of Publish Layer",
        "LAYER": "PUBLISH",
        "OWNER": "arindam-1.chakraborty_ext@novartis.com",
        "SUBJECT_AREA": "IT, Busniess Enablement",
        "USE_CASE": "IT Analytics (SNOW@EVICO)",
        "WAREHOUSE_NAME": "PUBLISH_SNOW_WH_M",
        "DOMAIN": "GF"
    },
    {
        "APP_ID": "PRJ0528629",
        "APP_NAME": "F1.AI.UC",
        "COST_CENTER": "W1-43199.1.01",
        "DESCRIPTION": "F1AI Platform related - reach out F1.AI_CoreTeam_PRJ <F1.AI_CoreTeam_PRJ@dl.mgd.novartis.com> for more information",
        "LAYER": "F1AI",
        "OWNER": "ciprian.viziteu@novartis.com",
        "SUBJECT_AREA": "DATA SCIENCE AND AI",
        "USE_CASE": "F1AI_USE_CASES",
        "WAREHOUSE_NAME": "PWS0000025",
        "DOMAIN": "F1.AI"
    },
    {
        "APP_ID": "PRJ0177857",
        "APP_NAME": "TITAN",
        "COST_CENTER": "PRJ0177857",
        "DESCRIPTION": "Created via Jenkins Job ID:574 Started by user Bhattacharjee, Aditya (Ext) / BHATTAD5@NOVARTIS.NET",
        "LAYER": "PUBLISH",
        "OWNER": "pavel.pesout@novartis.com",
        "SUBJECT_AREA": "NA",
        "USE_CASE": "PE_AI",
        "WAREHOUSE_NAME": "PE_AI_WH_M",
        "DOMAIN": "CIT"
    },
    {
        "APP_ID": "PRJ0177844",
        "APP_NAME": "F1.AI.UC",
        "COST_CENTER": "I430001954",
        "DESCRIPTION": "F1AI Platform related - reach out F1.AI_CoreTeam_PRJ <F1.AI_CoreTeam_PRJ@dl.mgd.novartis.com> for more information",
        "LAYER": "F1AI",
        "OWNER": "ciprian.viziteu@novartis.com",
        "SUBJECT_AREA": "DATA SCIENCE AND AI",
        "USE_CASE": "F1AI_USE_CASES",
        "WAREHOUSE_NAME": "PWS0000052",
        "DOMAIN": "F1.AI"
    },
    {
        "APP_ID": "ZZZ073474",
        "APP_NAME": "F1.AI.UC",
        "COST_CENTER": "I430000000",
        "DESCRIPTION": "F1AI Platform related - reach out F1.AI_CoreTeam_PRJ <F1.AI_CoreTeam_PRJ@dl.mgd.novartis.com> for more information",
        "LAYER": "F1AI",
        "OWNER": "ciprian.viziteu@novartis.com",
        "SUBJECT_AREA": "DATA SCIENCE AND AI",
        "USE_CASE": "F1AI_USE_CASES",
        "WAREHOUSE_NAME": "PWS0000175",
        "DOMAIN": "F1.AI"
    },
    {
        "APP_ID": "PRJ0528629",
        "APP_NAME": "F1.AI.UC",
        "COST_CENTER": "W1-43199.1.01",
        "DESCRIPTION": "F1AI Platform related - reach out F1.AI_CoreTeam_PRJ <F1.AI_CoreTeam_PRJ@dl.mgd.novartis.com> for more information",
        "LAYER": "F1AI",
        "OWNER": "ciprian.viziteu@novartis.com",
        "SUBJECT_AREA": "DATA SCIENCE AND AI",
        "USE_CASE": "F1AI_USE_CASES",
        "WAREHOUSE_NAME": "PWS0000275",
        "DOMAIN": "F1.AI"
    },
    {
        "APP_ID": "PRJ0178068",
        "APP_NAME": "F1.AI.UC",
        "COST_CENTER": "W1-42272.1.01",
        "DESCRIPTION": "F1AI Platform related - reach out F1.AI_CoreTeam_PRJ <F1.AI_CoreTeam_PRJ@dl.mgd.novartis.com> for more information",
        "LAYER": "F1AI",
        "OWNER": "ciprian.viziteu@novartis.com",
        "SUBJECT_AREA": "DATA SCIENCE AND AI",
        "USE_CASE": "F1AI_USE_CASES",
        "WAREHOUSE_NAME": "PWS0000278",
        "DOMAIN": "F1.AI"
    },
    {
        "APP_ID": "44315",
        "APP_NAME": "QANTO",
        "COST_CENTER": "44315",
        "DESCRIPTION": "As a part of Refinement layer",
        "LAYER": "REFINEMENT",
        "OWNER": "niraj.sawant@novartis.com",
        "SUBJECT_AREA": "QUALITY, TECHOPS",
        "USE_CASE": "QANTO",
        "WAREHOUSE_NAME": "QANTO_WH_M",
        "DOMAIN": "NTO"
    },
    {
        "APP_ID": "52939",
        "APP_NAME": "QDL",
        "COST_CENTER": "52939",
        "DESCRIPTION": "NA",
        "LAYER": "REFINEMENT",
        "OWNER": "jens.seest@novartis.com",
        "SUBJECT_AREA": "REFINEMENT_OPERATIONS_QUALITY",
        "USE_CASE": "QDL",
        "WAREHOUSE_NAME": "QDL_WH_L",
        "DOMAIN": "NTO"
    },
    {
        "APP_ID": "092072",
        "APP_NAME": "MNA",
        "COST_CENTER": "092072",
        "DESCRIPTION": "As part of refinement layer",
        "LAYER": "REFINEMENT",
        "OWNER": "ajay_kumar.gourabathina@novartis.com",
        "SUBJECT_AREA": "MERGE_AND_ACQUISTIONS",
        "USE_CASE": "MNA",
        "WAREHOUSE_NAME": "REFINEMENT_MNA_WH_S",
        "DOMAIN": "GF"
    },
    {
        "APP_ID": "46314",
        "APP_NAME": "SNOW",
        "COST_CENTER": "92072",
        "DESCRIPTION": "As a part of REFINEMENT Layer",
        "LAYER": "REFINEMENT",
        "OWNER": "arindam-1.chakraborty_ext@novartis.com",
        "SUBJECT_AREA": "IT, Busniess Enablement",
        "USE_CASE": "IT Analytics (SNOW@EVICO)",
        "WAREHOUSE_NAME": "REFINEMENT_SNOW_WH_M",
        "DOMAIN": "GF"
    },
    {
        "APP_ID": "50482",
        "APP_NAME": "Sandoz Data and Analytics Hub",
        "COST_CENTER": "091366",
        "DESCRIPTION": "As a part of refinement/publish layer architecture for usecase",
        "LAYER": "REFINEMENT, PUBLISH",
        "OWNER": "leena.biswas_ext@novartis.com, satyajeet.ausarmal_ext@novartis.com, saagari.raju_ext@novartis.com, t_pavan-1.kalyan_ext@novartis.com, binoy.valiavila@sandoz.coc, cheruku.raman@sandoz.com, OneOps_SDAH_PRJ_GBL_GBL@dl.mgd.novartis.com",
        "SUBJECT_AREA": "SALES, PRODUCT,CUSTOMER, ROSTER, KEY_ACCOUNT_MANAGEMENT,ALIGNMENT, INTERACTION_PLANNING, EMPLOYEE_FIELDFORCE_ACTION",
        "USE_CASE": "SDAH",
        "WAREHOUSE_NAME": "SDAH_WH_M",
        "DOMAIN": "IM I"
    },
    {
        "APP_ID": "43643",
        "APP_NAME": "NSENSE",
        "COST_CENTER": "085607",
        "DESCRIPTION": "As part of refinement layer",
        "LAYER": "REFINEMENT",
        "OWNER": "akshay.almadi@novartis.com",
        "SUBJECT_AREA": "NA",
        "USE_CASE": "CSENSE",
        "WAREHOUSE_NAME": "SENSE_WH_S",
        "DOMAIN": "GDD"
    },
    {
        "APP_ID": "PRJ0178169",
        "APP_NAME": "SUPPLIER_INVOICE_PORTAL",
        "COST_CENTER": "PRJ0178169",
        "DESCRIPTION": "NA",
        "LAYER": "REFINEMENT",
        "OWNER": "harish.jangala@novartis.com",
        "SUBJECT_AREA": "PROCUREMENT_REFINEMENT",
        "USE_CASE": "SIP",
        "WAREHOUSE_NAME": "SIP_WH_L",
        "DOMAIN": "GF"
    },
    {
        "APP_ID": "45879",
        "APP_NAME": "F1_ANALYTICS",
        "COST_CENTER": "45879",
        "DESCRIPTION": "Warehouse used from SF to SPLUNK and Admin work",
        "LAYER": "CONSOLIDATED",
        "OWNER": "rahul.venugopal_ext@novartis.com",
        "SUBJECT_AREA": "F1_PLATFORM",
        "USE_CASE": "F1_PLATFORM",
        "WAREHOUSE_NAME": "SPLUNK_WH",
        "DOMAIN": "APD-DNP"
    },
    {
        "APP_ID": "50984",
        "APP_NAME": "SpotOn - Freight Digital Optimizer",
        "COST_CENTER": "50984",
        "DESCRIPTION": "As a part of refinement and Publish layer",
        "LAYER": "REFINEMENT, PUBLISH",
        "OWNER": "srinivas.neelam@novartis.com",
        "SUBJECT_AREA": "OPERATIONS",
        "USE_CASE": "SPOTON_FDO",
        "WAREHOUSE_NAME": "SPOTONFDO_WH_M",
        "DOMAIN": "NTO"
    },
    {
        "APP_ID": "45931",
        "APP_NAME": "TENDERAI",
        "COST_CENTER": "092072",
        "DESCRIPTION": "As part of publish layer",
        "LAYER": "PUBLISH",
        "OWNER": "pradeep.narayanan_ext@novartis.com",
        "SUBJECT_AREA": "MARKET_ACCESS, REIMBURSMENT, TENDERING, PRODUCT",
        "USE_CASE": "TENDERAI",
        "WAREHOUSE_NAME": "TENDERAI_WH_M",
        "DOMAIN": "IM I"
    },
    {
        "APP_ID": "45139",
        "APP_NAME": "TITAN",
        "COST_CENTER": "45139",
        "DESCRIPTION": "As a part of refinement layer",
        "LAYER": "REFINEMENT",
        "OWNER": "adela.perijoc_ext@novartis.com",
        "SUBJECT_AREA": "NA",
        "USE_CASE": "TITAN",
        "WAREHOUSE_NAME": "TITAN_WH_M",
        "DOMAIN": "IM I"
    },
    {
        "APP_ID": "46314",
        "APP_NAME": "PPM_PAB_Reporting",
        "COST_CENTER": "84462",
        "DESCRIPTION": "As a part of Publish Layer",
        "LAYER": "PUBLISH",
        "OWNER": "ajay_kumar.gourabathina@novartis.com",
        "SUBJECT_AREA": "ALL_COM_B_GBL_UBM",
        "USE_CASE": "PPM_PAB",
        "WAREHOUSE_NAME": "UBM_WH_M",
        "DOMAIN": "GF"
    },
    {
        "APP_ID": "PRJ0651474",
        "APP_NAME": "Workforce_Insights",
        "COST_CENTER": "PRJ0651474",
        "DESCRIPTION": "Started by user Ghosh, Rimi (Ext) - onboarded via Jenkis JOB_ID:356",
        "LAYER": "REFINEMENT",
        "OWNER": "prabhakar.pandey@novartis.com",
        "SUBJECT_AREA": "PEOPLE_AND_ORGANIZATION",
        "USE_CASE": "WFINSIGHTS",
        "WAREHOUSE_NAME": "WFINSIGHTS_WH_M",
        "DOMAIN": "GF"
    },
    {
        "APP_ID": "PRJ0690584",
        "APP_NAME": "ORBITIC",
        "COST_CENTER": "PRJ0690584",
        "DESCRIPTION": "NA",
        "LAYER": "REFINEMENT",
        "OWNER": "martin.wohlfender@novartis.com",
        "SUBJECT_AREA": "REFINEMENT_OPERATIONS_SUPPLY_CHAIN",
        "USE_CASE": "ORBITIC",
        "WAREHOUSE_NAME": "ORBITIC_WH_M",
        "DOMAIN": "NTO"
    },
    {
        "APP_ID": "PRJ0246327",
        "APP_NAME": "F1.AI.UC",
        "COST_CENTER": "W1-42763.1.01",
        "DESCRIPTION": "F1AI Platform related - reach out F1.AI_CoreTeam_PRJ <F1.AI_CoreTeam_PRJ@dl.mgd.novartis.com> for more information",
        "LAYER": "F1AI",
        "OWNER": "ciprian.viziteu@novartis.com",
        "SUBJECT_AREA": "DATA SCIENCE AND AI",
        "USE_CASE": "F1AI_USE_CASES",
        "WAREHOUSE_NAME": "PWS0000026",
        "DOMAIN": "F1.AI"
    },
    {
        "APP_ID": "PRJ0449910",
        "APP_NAME": "F1.AI.UC",
        "COST_CENTER": "W1-43010.1.01",
        "DESCRIPTION": "F1AI Platform related - reach out F1.AI_CoreTeam_PRJ <F1.AI_CoreTeam_PRJ@dl.mgd.novartis.com> for more information",
        "LAYER": "F1AI",
        "OWNER": "ciprian.viziteu@novartis.com",
        "SUBJECT_AREA": "DATA SCIENCE AND AI",
        "USE_CASE": "F1AI_USE_CASES",
        "WAREHOUSE_NAME": "PWS0000067",
        "DOMAIN": "F1.AI"
    },
    {
        "APP_ID": "PRJ0449910",
        "APP_NAME": "F1.AI.UC",
        "COST_CENTER": "W1-43010.1.01",
        "DESCRIPTION": "F1AI Platform related - reach out F1.AI_CoreTeam_PRJ <F1.AI_CoreTeam_PRJ@dl.mgd.novartis.com> for more information",
        "LAYER": "F1AI",
        "OWNER": "ciprian.viziteu@novartis.com",
        "SUBJECT_AREA": "DATA SCIENCE AND AI",
        "USE_CASE": "F1AI_USE_CASES",
        "WAREHOUSE_NAME": "PWS0000217",
        "DOMAIN": "F1.AI"
    },
    {
        "APP_ID": "PRJ0177766",
        "APP_NAME": "F1.AI.UC",
        "COST_CENTER": "I430002048",
        "DESCRIPTION": "F1AI Platform related - reach out F1.AI_CoreTeam_PRJ <F1.AI_CoreTeam_PRJ@dl.mgd.novartis.com> for more information",
        "LAYER": "F1AI",
        "OWNER": "ciprian.viziteu@novartis.com",
        "SUBJECT_AREA": "DATA SCIENCE AND AI",
        "USE_CASE": "F1AI_USE_CASES",
        "WAREHOUSE_NAME": "PWS0000223",
        "DOMAIN": "F1.AI"
    },
    {
        "APP_ID": "PRJ0178125",
        "APP_NAME": "F1.AI.UC",
        "COST_CENTER": "I430001949",
        "DESCRIPTION": "F1AI Platform related - reach out F1.AI_CoreTeam_PRJ <F1.AI_CoreTeam_PRJ@dl.mgd.novartis.com> for more information",
        "LAYER": "F1AI",
        "OWNER": "ciprian.viziteu@novartis.com",
        "SUBJECT_AREA": "DATA SCIENCE AND AI",
        "USE_CASE": "F1AI_USE_CASES",
        "WAREHOUSE_NAME": "PWS0000281",
        "DOMAIN": "F1.AI"
    },
    {
        "APP_ID": "PRJ0449910",
        "APP_NAME": "F1.AI.UC",
        "COST_CENTER": "W1-43010.1.01",
        "DESCRIPTION": "F1AI Platform related - reach out F1.AI_CoreTeam_PRJ <F1.AI_CoreTeam_PRJ@dl.mgd.novartis.com> for more information",
        "LAYER": "F1AI",
        "OWNER": "ciprian.viziteu@novartis.com",
        "SUBJECT_AREA": "DATA SCIENCE AND AI",
        "USE_CASE": "F1AI_USE_CASES",
        "WAREHOUSE_NAME": "PWS0000289",
        "DOMAIN": "F1.AI"
    },
    {
        "APP_ID": "PRJ0651474",
        "APP_NAME": "F1.AI.UC",
        "COST_CENTER": "W1-43366.1.01",
        "DESCRIPTION": "F1AI Platform related - reach out F1.AI_CoreTeam_PRJ <F1.AI_CoreTeam_PRJ@dl.mgd.novartis.com> for more information",
        "LAYER": "F1AI",
        "OWNER": "ciprian.viziteu@novartis.com",
        "SUBJECT_AREA": "DATA SCIENCE AND AI",
        "USE_CASE": "F1AI_USE_CASES",
        "WAREHOUSE_NAME": "PWS0000298",
        "DOMAIN": "F1.AI"
    },
    {
        "APP_ID": "PRJ0752317",
        "APP_NAME": "F1.AI.UC",
        "COST_CENTER": "W1-43532.1.01",
        "DESCRIPTION": "F1AI Platform related - reach out F1.AI_CoreTeam_PRJ <F1.AI_CoreTeam_PRJ@dl.mgd.novartis.com> for more information",
        "LAYER": "F1AI",
        "OWNER": "ciprian.viziteu@novartis.com",
        "SUBJECT_AREA": "DATA SCIENCE AND AI",
        "USE_CASE": "F1AI_USE_CASES",
        "WAREHOUSE_NAME": "PWS0000306",
        "DOMAIN": "F1.AI"
    },
    {
        "APP_ID": "PRJ0449910",
        "APP_NAME": "F1.AI.UC",
        "COST_CENTER": "W1-43010.1.01",
        "DESCRIPTION": "F1AI Platform related - reach out F1.AI_CoreTeam_PRJ <F1.AI_CoreTeam_PRJ@dl.mgd.novartis.com> for more information",
        "LAYER": "F1AI",
        "OWNER": "ciprian.viziteu@novartis.com",
        "SUBJECT_AREA": "DATA SCIENCE AND AI",
        "USE_CASE": "F1AI_USE_CASES",
        "WAREHOUSE_NAME": "PWS0000317",
        "DOMAIN": "F1.AI"
    },
    {
        "APP_ID": "PRJ0528629",
        "APP_NAME": "F1.AI.UC",
        "COST_CENTER": "W1-43199.1.01",
        "DESCRIPTION": "F1AI Platform related - reach out F1.AI_CoreTeam_PRJ <F1.AI_CoreTeam_PRJ@dl.mgd.novartis.com> for more information",
        "LAYER": "F1AI",
        "OWNER": "ciprian.viziteu@novartis.com",
        "SUBJECT_AREA": "DATA SCIENCE AND AI",
        "USE_CASE": "F1AI_USE_CASES",
        "WAREHOUSE_NAME": "VPWS0000025",
        "DOMAIN": "F1.AI"
    },
    {
        "APP_ID": "PRJ0177857",
        "APP_NAME": "F1.AI.UC",
        "COST_CENTER": "I430001952",
        "DESCRIPTION": "F1AI Platform related - reach out F1.AI_CoreTeam_PRJ <F1.AI_CoreTeam_PRJ@dl.mgd.novartis.com> for more information",
        "LAYER": "F1AI",
        "OWNER": "ciprian.viziteu@novartis.com",
        "SUBJECT_AREA": "DATA SCIENCE AND AI",
        "USE_CASE": "F1AI_USE_CASES",
        "WAREHOUSE_NAME": "VPWS0000051",
        "DOMAIN": "F1.AI"
    },
    {
        "APP_ID": "52959",
        "APP_NAME": "CDHIM",
        "COST_CENTER": "PRJ0198697",
        "DESCRIPTION": "This warehouse was created via Jenkins Pipeline: https://jenkins-f1devops-prdintranet-ie.aws.novartis.net/job/F1_ALL_ALL_UCE/job/AUTOMATION/job/FUCE/job/F1-Snowflake-UC-Onboarding/job/Publish/626/ Job ID: 626 Started by user Borusu, Harsha (Ext), BORUSHA1",
        "LAYER": "PUBLISH",
        "OWNER": "chen_nee.cheah@novartis.com,oliver.blatt@novartis.com",
        "SUBJECT_AREA": "SALES_AND_MARKETING",
        "USE_CASE": "CDHIM",
        "WAREHOUSE_NAME": "COM_EU_PHARMA_CDHIMIDPDE_WH_M",
        "DOMAIN": "IM I"
    },
    {
        "APP_ID": "PRJ0528629",
        "APP_NAME": "F1.AI.UC",
        "COST_CENTER": "W1-43199.1.01",
        "DESCRIPTION": "F1AI Platform related - reach out F1.AI_CoreTeam_PRJ <F1.AI_CoreTeam_PRJ@dl.mgd.novartis.com> for more information",
        "LAYER": "F1AI",
        "OWNER": "ciprian.viziteu@novartis.com",
        "SUBJECT_AREA": "DATA SCIENCE AND AI",
        "USE_CASE": "F1AI_USE_CASES",
        "WAREHOUSE_NAME": "DPWS0000025",
        "DOMAIN": "F1.AI"
    },
    {
        "APP_ID": "PRJ0177857",
        "APP_NAME": "F1.AI.UC",
        "COST_CENTER": "I430001952",
        "DESCRIPTION": "F1AI Platform related - reach out F1.AI_CoreTeam_PRJ <F1.AI_CoreTeam_PRJ@dl.mgd.novartis.com> for more information",
        "LAYER": "F1AI",
        "OWNER": "ciprian.viziteu@novartis.com",
        "SUBJECT_AREA": "DATA SCIENCE AND AI",
        "USE_CASE": "F1AI_USE_CASES",
        "WAREHOUSE_NAME": "DPWS0000051",
        "DOMAIN": "F1.AI"
    },
    {
        "APP_ID": "PRJ0177857",
        "APP_NAME": "F1.AI.UC",
        "COST_CENTER": "I430001952",
        "DESCRIPTION": "F1AI Platform related - reach out F1.AI_CoreTeam_PRJ <F1.AI_CoreTeam_PRJ@dl.mgd.novartis.com> for more information",
        "LAYER": "F1AI",
        "OWNER": "ciprian.viziteu@novartis.com",
        "SUBJECT_AREA": "DATA SCIENCE AND AI",
        "USE_CASE": "F1AI_USE_CASES",
        "WAREHOUSE_NAME": "DPWS0000217",
        "DOMAIN": "F1.AI"
    },
    {
        "APP_ID": "PRJ0449910",
        "APP_NAME": "F1.AI.UC",
        "COST_CENTER": "W1-43010.1.01",
        "DESCRIPTION": "F1AI Platform related - reach out F1.AI_CoreTeam_PRJ <F1.AI_CoreTeam_PRJ@dl.mgd.novartis.com> for more information",
        "LAYER": "F1AI",
        "OWNER": "ciprian.viziteu@novartis.com",
        "SUBJECT_AREA": "DATA SCIENCE AND AI",
        "USE_CASE": "F1AI_USE_CASES",
        "WAREHOUSE_NAME": "DPWS0000317",
        "DOMAIN": "F1.AI"
    },
    {
        "APP_ID": "PRJ0449910",
        "APP_NAME": "F1.AI.UC",
        "COST_CENTER": "W1-43010.1.01",
        "DESCRIPTION": "F1AI Platform related - reach out F1.AI_CoreTeam_PRJ <F1.AI_CoreTeam_PRJ@dl.mgd.novartis.com> for more information",
        "LAYER": "F1AI",
        "OWNER": "ciprian.viziteu@novartis.com",
        "SUBJECT_AREA": "DATA SCIENCE AND AI",
        "USE_CASE": "F1AI_USE_CASES",
        "WAREHOUSE_NAME": "DPWS0000331",
        "DOMAIN": "F1.AI"
    },
    {
        "APP_ID": "PRJ0689466",
        "APP_NAME": "OEP",
        "COST_CENTER": "PRJ0689466",
        "DESCRIPTION": "This warehouse was created via Jenkins Pipeline: https://jenkins-f1devops-prdintranet-ie.aws.novartis.net/job/F1_ALL_ALL_UCE/job/AUTOMATION/job/FUCE/job/F1-Snowflake-UC-Onboarding/job/Publish/674/ Job ID: 674 Started by user R, Lokeshwaran (Ext), RLO1",
        "LAYER": "PUBLISH",
        "OWNER": "ciprian.viziteu@novartis.com",
        "SUBJECT_AREA": "CLINICAL_OPERATIONS",
        "USE_CASE": "OEP",
        "WAREHOUSE_NAME": "GDD_EU_OEP_WH_S",
        "DOMAIN": "GDD"
    },
    {
        "APP_ID": "53017",
        "APP_NAME": "GLOBAL DRUG SHORTAGE",
        "COST_CENTER": "53017",
        "DESCRIPTION": "Created via Jenkins Job ID:476 Started by user M, Ayesha (Ext) / MAY1@NOVARTIS.NET",
        "LAYER": "PUBLISH",
        "OWNER": "pavel.pesout@novartis.com",
        "SUBJECT_AREA": "PUBLISH_DB",
        "USE_CASE": "GDS_PE",
        "WAREHOUSE_NAME": "GDS_PE_AI_WH_M",
        "DOMAIN": "GF"
    },
    {
        "APP_ID": "PRJ0177857",
        "APP_NAME": "F1.AI.UC",
        "COST_CENTER": "I430001952",
        "DESCRIPTION": "F1AI Platform related - reach out F1.AI_CoreTeam_PRJ <F1.AI_CoreTeam_PRJ@dl.mgd.novartis.com> for more information",
        "LAYER": "F1AI",
        "OWNER": "ciprian.viziteu@novartis.com",
        "SUBJECT_AREA": "DATA SCIENCE AND AI",
        "USE_CASE": "F1AI_USE_CASES",
        "WAREHOUSE_NAME": "PWS0000051",
        "DOMAIN": "F1.AI"
    },
    {
        "APP_ID": "PRJ0449910",
        "APP_NAME": "F1.AI.UC",
        "COST_CENTER": "W1-43010.1.01",
        "DESCRIPTION": "F1AI Platform related - reach out F1.AI_CoreTeam_PRJ <F1.AI_CoreTeam_PRJ@dl.mgd.novartis.com> for more information",
        "LAYER": "F1AI",
        "OWNER": "ciprian.viziteu@novartis.com",
        "SUBJECT_AREA": "DATA SCIENCE AND AI",
        "USE_CASE": "F1AI_USE_CASES",
        "WAREHOUSE_NAME": "PWS0000331",
        "DOMAIN": "F1.AI"
    },
    {
        "APP_ID": "PRJ0449910",
        "APP_NAME": "F1.AI.UC",
        "COST_CENTER": "W1-43010.1.01",
        "DESCRIPTION": "F1AI Platform related - reach out F1.AI_CoreTeam_PRJ <F1.AI_CoreTeam_PRJ@dl.mgd.novartis.com> for more information",
        "LAYER": "F1AI",
        "OWNER": "ciprian.viziteu@novartis.com",
        "SUBJECT_AREA": "DATA SCIENCE AND AI",
        "USE_CASE": "F1AI_USE_CASES",
        "WAREHOUSE_NAME": "VPWS0000317",
        "DOMAIN": "F1.AI"
    },
    {
        "APP_ID": "PRJ0449910",
        "APP_NAME": "F1.AI.UC",
        "COST_CENTER": "W1-43010.1.01",
        "DESCRIPTION": "F1AI Platform related - reach out F1.AI_CoreTeam_PRJ <F1.AI_CoreTeam_PRJ@dl.mgd.novartis.com> for more information",
        "LAYER": "F1AI",
        "OWNER": "ciprian.viziteu@novartis.com",
        "SUBJECT_AREA": "DATA SCIENCE AND AI",
        "USE_CASE": "F1AI_USE_CASES",
        "WAREHOUSE_NAME": "VPWS0000217",
        "DOMAIN": "F1.AI"
    },
    {
        "APP_ID": "PRJ0449910",
        "APP_NAME": "F1.AI.UC",
        "COST_CENTER": "W1-43010.1.01",
        "DESCRIPTION": "F1AI Platform related - reach out F1.AI_CoreTeam_PRJ <F1.AI_CoreTeam_PRJ@dl.mgd.novartis.com> for more information",
        "LAYER": "F1AI",
        "OWNER": "ciprian.viziteu@novartis.com",
        "SUBJECT_AREA": "DATA SCIENCE AND AI",
        "USE_CASE": "F1AI_USE_CASES",
        "WAREHOUSE_NAME": "VPWS0000331",
        "DOMAIN": "F1.AI"
    },
    {
        "APP_ID": "50526",
        "APP_NAME": "GAIA Predictive Finance",
        "COST_CENTER": "091528",
        "DESCRIPTION": "This warehouse was created via Jenkins Job ID: 746 Started by user Gujjari, Madava Venkata (Ext), GUJJAMA1",
        "LAYER": "PUBLISH",
        "OWNER": "javier.aloy@novartis.com",
        "SUBJECT_AREA": "",
        "USE_CASE": "GAIA_RADAR",
        "WAREHOUSE_NAME": "GAIA_RADAR_WH_M",
        "DOMAIN": "GF"
     },
     {
        "APP_ID": "50526",
        "APP_NAME": "GAIA Predictive Finance",
        "COST_CENTER": "091528",
        "DESCRIPTION": "This warehouse was created via Jenkins Job ID: 745 Started by user Gujjari, Madava Venkata (Ext), GUJJAMA1",
        "LAYER": "PUBLISH",
        "OWNER": "javier.aloy@novartis.com",
        "SUBJECT_AREA": "",
        "USE_CASE": "GAIA_RADAR",
        "WAREHOUSE_NAME": "GAIA_RADAR_WH_S",
        "DOMAIN": "GF"
     },
     {
        "APP_ID": "PRJ0743620",
        "APP_NAME": "ENVISION",
        "COST_CENTER": "PRJ0743620",
        "DESCRIPTION": "This warehouse was created via Jenkins Job ID: 729 Started by user M, Nasreen Sultana (Ext), MNAB",
        "LAYER": "PUBLISH",
        "OWNER": "wongyu.jung@novartis.com, anand.radhakrishnan_ext@novartis.com, benoit.armbruster_ext@novartis.com, kavitha.sundaran_ext@novartis.com, greeshma.chandapillai_ext@novartis.com, nobuhiro.kuwahara@novartis.com, takashi.otake@novartis.com",
        "SUBJECT_AREA": "SUBJECT_AREA",
        "USE_CASE": "JPDARWIN",
        "WAREHOUSE_NAME": "JPDARWIN_WH_M",
        "DOMAIN": "IM I"
     },
     {
        "APP_ID": "PRJ0246327",
        "APP_NAME": "F1.AI.UC",
        "COST_CENTER": "W1-42763.1.01",
        "DESCRIPTION": "F1AI Platform related - reach out F1.AI_CoreTeam_PRJ <F1.AI_CoreTeam_PRJ@dl.mgd.novartis.com> for more information",
        "LAYER": "F1AI",
        "OWNER": "ciprian.viziteu@novartis.com",
        "SUBJECT_AREA": "DATA SCIENCE AND AI",
        "USE_CASE": "F1AI_USE_CASES",
        "WAREHOUSE_NAME": "PWS0000353",
        "DOMAIN": "F1.AI"
     },
     {
        "APP_ID": "ZZZ099999",
        "APP_NAME": "F1.AI.UC",
        "COST_CENTER": "I430000000",
        "DESCRIPTION": "F1AI Platform related - reach out F1.AI_CoreTeam_PRJ <F1.AI_CoreTeam_PRJ@dl.mgd.novartis.com> for more information",
        "LAYER": "F1AI",
        "OWNER": "ciprian.viziteu@novartis.com",
        "SUBJECT_AREA": "DATA SCIENCE AND AI",
        "USE_CASE": "F1AI_USE_CASES",
        "WAREHOUSE_NAME": "PWS0000363",
        "DOMAIN": "F1.AI"
     },
     {
        "APP_ID": "ZZZ099999",
        "APP_NAME": "F1.AI.UC",
        "COST_CENTER": "I430000000",
        "DESCRIPTION": "F1AI Platform related - reach out F1.AI_CoreTeam_PRJ <F1.AI_CoreTeam_PRJ@dl.mgd.novartis.com> for more information",
        "LAYER": "F1AI",
        "OWNER": "ciprian.viziteu@novartis.com",
        "SUBJECT_AREA": "DATA SCIENCE AND AI",
        "USE_CASE": "F1AI_USE_CASES",
        "WAREHOUSE_NAME": "PWS0000351",
        "DOMAIN": "F1.AI"
     },
     {
         "APP_ID": "53895",
         "APP_NAME": "IMI SPAIN ADVANCED ANALYTICS",
         "COST_CENTER": "53895",
         "DESCRIPTION": "Created via Jenkins Job ID:425 Started by user Hariharan, GiriKumar (Ext) / HARIHGI1@NOVARTIS.NET",
         "LAYER": "PUBLISH",
         "OWNER": "richard.rolle@novartis.com, carla.de_la_roja@novartis.com, marc.hernandez_fernandez@novartis.com, federico.bettucci@novartis.com, carlos.amat_ext@novartis.com, roger_lopez.grau_ext@novartis.com, paula.justicia_ripolles_ext@novartis.com",
         "SUBJECT_AREA": "NA",
         "USE_CASE": "ES_ANALYTICS",
         "WAREHOUSE_NAME": "IMI_EU_ES_ANALYTICS_WH_S",
         "DOMAIN": "IM I"
     },
     {
         "APP_ID": "PRJ1031893",
         "APP_NAME": "F1.AI.UC",
         "COST_CENTER": "W1-44093.1.01",
         "DESCRIPTION": "F1AI Platform related - reach out F1.AI_CoreTeam_PRJ <F1.AI_CoreTeam_PRJ@dl.mgd.novartis.com> for more information",
         "LAYER": "F1AI",
         "OWNER": "ciprian.viziteu@novartis.com",
         "SUBJECT_AREA": "DATA SCIENCE AND AI",
         "USE_CASE": "F1AI_USE_CASES",
         "WAREHOUSE_NAME": "PWS0000511",
         "DOMAIN": "F1.AI"
     },
     {
         "APP_ID": "ZZZ099999",
         "APP_NAME": "F1.AI.UC",
         "COST_CENTER": "I430000000",
         "DESCRIPTION": "F1AI Platform related - reach out F1.AI_CoreTeam_PRJ <F1.AI_CoreTeam_PRJ@dl.mgd.novartis.com> for more information",
         "LAYER": "F1AI",
         "OWNER": "ciprian.viziteu@novartis.com",
         "SUBJECT_AREA": "DATA SCIENCE AND AI",
         "USE_CASE": "F1AI_USE_CASES",
         "WAREHOUSE_NAME": "PWS0000532",
         "DOMAIN": "F1.AI"
     },
     {
         "APP_ID": "PRJ0921988",
         "APP_NAME": "F1.AI.UC",
         "COST_CENTER": "W1-43782.1.01",
         "DESCRIPTION": "F1AI Platform related - reach out F1.AI_CoreTeam_PRJ <F1.AI_CoreTeam_PRJ@dl.mgd.novartis.com> for more information",
         "LAYER": "F1AI",
         "OWNER": "ciprian.viziteu@novartis.com",
         "SUBJECT_AREA": "DATA SCIENCE AND AI",
         "USE_CASE": "F1AI_USE_CASES",
         "WAREHOUSE_NAME": "PWS0000537",
         "DOMAIN": "F1.AI"
     },
     {
         "APP_ID": "PRJ0890342",
         "APP_NAME": "F1.AI.UC",
         "COST_CENTER": "W1-43740.1.01",
         "DESCRIPTION": "F1AI Platform related - reach out F1.AI_CoreTeam_PRJ <F1.AI_CoreTeam_PRJ@dl.mgd.novartis.com> for more information",
         "LAYER": "F1AI",
         "OWNER": "ciprian.viziteu@novartis.com",
         "SUBJECT_AREA": "DATA SCIENCE AND AI",
         "USE_CASE": "F1AI_USE_CASES",
         "WAREHOUSE_NAME": "PWS0000561",
         "DOMAIN": "F1.AI"
     },
     {
         "APP_ID": "ZZZ099999",
         "APP_NAME": "F1.AI.UC",
         "COST_CENTER": "I430000000",
         "DESCRIPTION": "F1AI Platform related - reach out F1.AI_CoreTeam_PRJ <F1.AI_CoreTeam_PRJ@dl.mgd.novartis.com> for more information",
         "LAYER": "F1AI",
         "OWNER": "ciprian.viziteu@novartis.com",
         "SUBJECT_AREA": "DATA SCIENCE AND AI",
         "USE_CASE": "F1AI_USE_CASES",
         "WAREHOUSE_NAME": "PWS0000574",
         "DOMAIN": "F1.AI"
     },
     {
         "APP_ID": "PRJ0890342",
         "APP_NAME": "F1.AI.UC",
         "COST_CENTER": "W1-43740.1.01",
         "DESCRIPTION": "F1AI Platform related - reach out F1.AI_CoreTeam_PRJ <F1.AI_CoreTeam_PRJ@dl.mgd.novartis.com> for more information",
         "LAYER": "F1AI",
         "OWNER": "ciprian.viziteu@novartis.com",
         "SUBJECT_AREA": "DATA SCIENCE AND AI",
         "USE_CASE": "F1AI_USE_CASES",
         "WAREHOUSE_NAME": "PWS0000585",
         "DOMAIN": "F1.AI"
     },
     {
         "APP_ID": "ZZZ099999",
         "APP_NAME": "F1.AI.UC",
         "COST_CENTER": "I430000000",
         "DESCRIPTION": "F1AI Platform related - reach out F1.AI_CoreTeam_PRJ <F1.AI_CoreTeam_PRJ@dl.mgd.novartis.com> for more information",
         "LAYER": "F1AI",
         "OWNER": "ciprian.viziteu@novartis.com",
         "SUBJECT_AREA": "DATA SCIENCE AND AI",
         "USE_CASE": "F1AI_USE_CASES",
         "WAREHOUSE_NAME": "PWS0000593",
         "DOMAIN": "F1.AI"
     },
     {
         "APP_ID": "PRJ0890342",
         "APP_NAME": "F1.AI.UC",
         "COST_CENTER": "W1-43740.1.01",
         "DESCRIPTION": "F1AI Platform related - reach out F1.AI_CoreTeam_PRJ <F1.AI_CoreTeam_PRJ@dl.mgd.novartis.com> for more information",
         "LAYER": "F1AI",
         "OWNER": "ciprian.viziteu@novartis.com",
         "SUBJECT_AREA": "DATA SCIENCE AND AI",
         "USE_CASE": "F1AI_USE_CASES",
         "WAREHOUSE_NAME": "PWS0000457",
         "DOMAIN": "F1.AI"
     },
     {
         "APP_ID": "52939",
         "APP_NAME": "QUALITY DATA LAKE",
         "COST_CENTER": "52939",
         "DESCRIPTION": "Warehouse was created via Jenkins Job ID: 888 Started by user Kumar, Manish-12 (Ext), KUMARM4G",
         "LAYER": "PUBLISH",
         "OWNER": "murthy.p_v_s@novartis.com",
         "SUBJECT_AREA": "OPVM_IM",
         "USE_CASE": "OPVM",
         "WAREHOUSE_NAME": "NTO_EU_OPVM_WH_M",
         "DOMAIN": "NTO"
     },
     {
         "APP_ID": "ZZZ099999",
         "APP_NAME": "F1.AI.UC",
         "COST_CENTER": "I430000000",
         "DESCRIPTION": "F1AI Platform related - reach out F1.AI_CoreTeam_PRJ <F1.AI_CoreTeam_PRJ@dl.mgd.novartis.com> for more information",
         "LAYER": "F1AI",
         "OWNER": "ciprian.viziteu@novartis.com",
         "SUBJECT_AREA": "DATA SCIENCE AND AI",
         "USE_CASE": "F1AI_USE_CASES",
         "WAREHOUSE_NAME": "DPWS0000532",
         "DOMAIN": "F1.AI"
     },
     {
         "APP_ID": "PRJ0905906",
         "APP_NAME": "SUPPLIER MDM EBX",
         "COST_CENTER": "PRJ0905906",
         "DESCRIPTION": "Warehouse was created via Jenkins Job ID: 789 Started by user Diduvanu, Rohan (Ext), DIDUVRO1",
         "LAYER": "REFINEMENT",
         "OWNER": "harish.jangala@novartis.com",
         "SUBJECT_AREA": "PROCUREMENT_MDM",
         "USE_CASE": "SUPPLIER_MDM",
         "WAREHOUSE_NAME": "SUPPLIER_MDM_WH_M",
         "DOMAIN": "GF"
     },
     {
         "APP_ID": "ZZZ099999",
         "APP_NAME": "F1.AI.UC",
         "COST_CENTER": "I430000000",
         "DESCRIPTION": "F1AI Platform related - reach out F1.AI_CoreTeam_PRJ <F1.AI_CoreTeam_PRJ@dl.mgd.novartis.com> for more information",
         "LAYER": "F1AI",
         "OWNER": "ciprian.viziteu@novartis.com",
         "SUBJECT_AREA": "DATA SCIENCE AND AI",
        "USE_CASE": "F1AI_USE_CASES",
         "WAREHOUSE_NAME": "VPWS0000532",
         "DOMAIN": "F1.AI"
     },
     {
        "APP_ID": "54008",
        "APP_NAME": "IM Data Mesh",
        "COST_CENTER": "868914",
         "DESCRIPTION": "warehouse created by DATAMESH program for dataiku",
         "LAYER": "PUBLISH",
         "OWNER": "karun.pothacamury@novartis.com",
         "SUBJECT_AREA": "NA",
         "USE_CASE": "DATAMESH",
         "WAREHOUSE_NAME": "COM_INT_IM_AWB_WH_S",
         "DOMAIN": "IM I"
     },
     {
         "APP_ID": "050526",
         "APP_NAME": "GAIA_DF",
         "COST_CENTER": "050526",
         "DESCRIPTION": "Warehouse was created via Jenkins Job ID: 755 Started by user Gujjari, Madava Venkata (Ext), GUJJAMA1",
         "LAYER": "PUBLISH",
         "OWNER": "vikram.srivastava@novartis.com",
         "SUBJECT_AREA": "FINANCE",
         "USE_CASE": "GAIA_DF",
         "WAREHOUSE_NAME": "CBS_EU_GAIA_DF_WH_XL",
         "DOMAIN": "GF"
     },
     {
         "APP_ID": "46121",
         "APP_NAME": "Spot On - Insights Center",
         "COST_CENTER": "PRJ0949013",
         "DESCRIPTION": "Warehouse was created via Jenkins Job ID: 897 Started by user Bhattacharjee, Aditya (Ext), BHATTAD5",
         "LAYER": "REFINEMENT",
         "OWNER": "kinshuk.mitra@novartis.com",
         "SUBJECT_AREA": "SUPPLY_CHAIN",
         "USE_CASE": "ARNI",
         "WAREHOUSE_NAME": "ARNI_WH_XS",
         "DOMAIN": "NTO"
     },
     {
         "APP_ID": "849335",
         "APP_NAME": "IMI NEXT BEST ACTION",
         "COST_CENTER": "849335",
         "DESCRIPTION": "Warehouse was created via Jenkins Job ID: 551 Started by user Hariharan, GiriKumar (Ext), HARIHGI1",
         "LAYER": "PUBLISH",
         "OWNER": "neeraj.sinha@novartis.com",
         "SUBJECT_AREA": "NA",
         "USE_CASE": "IMI_NBA",
         "WAREHOUSE_NAME": "IMI_NBA_WH_S",
         "DOMAIN": "IM I"
     },
     {
         "APP_ID": "51999",
         "APP_NAME": "ARV Tool",
         "COST_CENTER": "51999",
         "DESCRIPTION": "Warehouse was created via Jenkins Job ID: 341 Started by user Kumar, Manish-12 (Ext), KUMARM4G",
         "LAYER": "REFINEMENT",
         "OWNER": "nareshkumar.knss_ext@novartis.com",
         "SUBJECT_AREA": "PEOPLE_AND_ORGANIZATION",
         "USE_CASE": "ARV",
         "WAREHOUSE_NAME": "ARV_WH_XS",
         "DOMAIN": "GDD"
     },
     {
         "APP_ID": "PRJ0971903",
         "APP_NAME": "PDDAC",
         "COST_CENTER": "PRJ0971903",
         "DESCRIPTION": "Warehouse was created via Jenkins Job ID: 544 Started by user Maniyar, Sachin (Ext), MANIYSA1",
         "LAYER": "PUBLISH",
         "OWNER": "saidilip.lakkakula@novartis.com",
         "SUBJECT_AREA": "PROCUREMENT",
         "USE_CASE": "PDDAC",
         "WAREHOUSE_NAME": "CBS_EU_PDDAC_WH_M",
         "DOMAIN": "GF"
     },
     {
         "APP_ID": "52959",
         "APP_NAME": "AU LOCAL ANALYTICS",
         "COST_CENTER": "52959",
         "DESCRIPTION": "Warehouse was created via Jenkins Job ID: 657 Started by user Hariharan, GiriKumar (Ext), HARIHGI1",
         "LAYER": "PUBLISH",
         "OWNER": "xue.fenglei@novartis.com",
         "SUBJECT_AREA": "NA",
         "USE_CASE": "IMI_ANALYTICS",
         "WAREHOUSE_NAME": "COM_AU_IMI_ANALYTICS_WH_S",
         "DOMAIN": "IM I"
     },
     {
         "APP_ID": "52959",
         "APP_NAME": "C360 AND IM BEST DATA PRODUCTS",
         "COST_CENTER": "52959",
         "DESCRIPTION": "Warehouse was created via Jenkins Job ID: 638 Started by user Hariharan, GiriKumar (Ext), HARIHGI1",
         "LAYER": "PUBLISH",
         "OWNER": "manish.pandey@novartis.com",
         "SUBJECT_AREA": "NA",
         "USE_CASE": "IMI_DATA_PRODUCTS",
         "WAREHOUSE_NAME": "COM_EU_IMI_DATA_PRODUCTS_WH_S",
         "DOMAIN": "IM I"
     },
     {
         "APP_ID": "52959",
         "APP_NAME": "IMI DYNAMIC RESOURCE OPTIMIZATION",
         "COST_CENTER": "52959",
         "DESCRIPTION": "Warehouse was created via Jenkins Job ID: 652 Started by user Hariharan, GiriKumar (Ext), HARIHGI1",
         "LAYER": "PUBLISH",
         "OWNER": "varun.v@novartis.com",
         "SUBJECT_AREA": "NA",
         "USE_CASE": "IMI_DRO",
         "WAREHOUSE_NAME": "COM_EU_IMI_DRO_WH_S",
         "DOMAIN": "IM I"
     },
     {
         "APP_ID": "52959",
         "APP_NAME": "IMI DYNAMIC SEGMENTATION AND TARGETING",
         "COST_CENTER": "52959",
         "DESCRIPTION": "Warehouse was created via Jenkins Job ID: 641 Started by user Hariharan, GiriKumar (Ext), HARIHGI1",
         "LAYER": "PUBLISH",
         "OWNER": "nishith.tyagi@novartis.com",
         "SUBJECT_AREA": "NA",
         "USE_CASE": "IMI_DST",
         "WAREHOUSE_NAME": "COM_EU_IMI_DST_WH_S",
         "DOMAIN": "IM I"
     },
     {
         "APP_ID": "PRJ0963290",
         "APP_NAME": "IBBI_PORTFOLIO",
         "COST_CENTER": "PRJ0963290",
         "DESCRIPTION": "Warehouse was created via Jenkins Job ID: 391 Started by user Sai Akhil, Badam Venkata (Ext), SAIAKBA1",
         "LAYER": "PUBLISH",
         "OWNER": "gemma.puig_gomez@novartis.com",
         "SUBJECT_AREA": "IBBIPN",
         "USE_CASE": "IBBI_PORTFOLIO",
         "WAREHOUSE_NAME": "COM_EU_PHARMA_IBBI_PORTFOLIO_WH_S",
         "DOMAIN": "IM I"
     },
     {
        "APP_ID": "54008",
        "APP_NAME": "IM Data Mesh",
        "COST_CENTER": "868914",
         "DESCRIPTION": "Digital Tech Product Innovation - Techspike",
         "LAYER": "NA",
         "OWNER": "karun.pothacamury@novartis.com",
         "SUBJECT_AREA": "NA",
         "USE_CASE": "DATAMESH",
         "WAREHOUSE_NAME": "DATAMESHPLAT",
         "DOMAIN": "IM I"
     },
     {
         "APP_ID": "PRJ0971903",
         "APP_NAME": "PDDAC",
         "COST_CENTER": "PRJ0971903",
         "DESCRIPTION": "Warehouse was created via Jenkins Job ID: 554 Started by user Maniyar, Sachin (Ext), MANIYSA1",
         "LAYER": "REFINEMENT",
         "OWNER": "saidilip.lakkakula@novartis.com",
         "SUBJECT_AREA": "PROCUREMENT",
         "USE_CASE": "PDDAC",
         "WAREHOUSE_NAME": "PDDAC_WH_M",
         "DOMAIN": "GF"
     },
     {
         "APP_ID": "53917",
         "APP_NAME": "S2P Analytics Dashboard",
         "COST_CENTER": "PRJ0890475",
         "DESCRIPTION": "Warehouse was created via Jenkins Job ID: 308 Started by user R, Lokeshwaran (Ext), RLO1",
         "LAYER": "REFINEMENT",
         "OWNER": "isabel.perez@novartis.com",
         "SUBJECT_AREA": "INFORMATION_TECHNOLOGY",
         "USE_CASE": "S2P_Analytics_Dashboard",
         "WAREHOUSE_NAME": "S2P_TE_ANALYTICS_WH_M",
         "DOMAIN": "IM I"
     },
     {
         "APP_ID": "45082",
         "APP_NAME": "UK LOCAL ANALYTICS",
         "COST_CENTER": "45082",
         "DESCRIPTION": "Warehouse was created via Jenkins Job ID: 547 Started by user Hariharan, GiriKumar (Ext), HARIHGI1",
         "LAYER": "PUBLISH",
         "OWNER": "mark.fletcher@novartis.com",
         "SUBJECT_AREA": "NA",
         "USE_CASE": "IMI_UK_ANALYTICS",
         "WAREHOUSE_NAME": "IMI_UK_ANALYTICS_WH_S",
         "DOMAIN": "IM I"
     },
     {
         "APP_ID": "46250",
         "APP_NAME": "ANDROMEDA",
         "COST_CENTER": "085977",
         "DESCRIPTION": "ANDROMEDA is the application Name for EPIC (Enterprise Portfolio Insights Capability)",
         "LAYER": "REFINEMENT",
         "OWNER": "logesh_babu.narayanasamy_ext@novartis.com",
         "SUBJECT_AREA": "Project_Portfolio_Management",
         "USE_CASE": "ANDROMEDA",
         "WAREHOUSE_NAME": "ANDROMEDA_WH_S",
         "DOMAIN": "GDD"
     },
     {
         "APP_ID": "PRJ0358081",
         "APP_NAME": "ISRMIPE",
         "COST_CENTER": "PRJ0358081",
         "DESCRIPTION": "NA",
         "LAYER": "PUBLISH",
         "OWNER": "sridhar.vadaga@novartis.com",
         "SUBJECT_AREA": "ISRMIPE",
         "USE_CASE": "ISRMIPE",
         "WAREHOUSE_NAME": "CBS_EU_ISRMIPE_WH1",
         "DOMAIN": "GF"
     },
     {
         "APP_ID": "PRJ0450842",
         "APP_NAME": "F1.AI.UC",
         "COST_CENTER": "W1-43024.1.01",
         "DESCRIPTION": "F1AI Platform related - reach out F1.AI_CoreTeam_PRJ <F1.AI_CoreTeam_PRJ@dl.mgd.novartis.com> for more information",
         "LAYER": "F1AI",
         "OWNER": "ciprian.viziteu@novartis.com",
         "SUBJECT_AREA": "DATA SCIENCE AND AI",
         "USE_CASE": "F1AI_USE_CASES",
         "WAREHOUSE_NAME": "DPWS0000240",
         "DOMAIN": "F1.AI"
     },
     {
         "APP_ID": "PRJ0450842",
         "APP_NAME": "F1.AI.UC",
         "COST_CENTER": "W1-43024.1.01",
         "DESCRIPTION": "F1AI Platform related - reach out F1.AI_CoreTeam_PRJ <F1.AI_CoreTeam_PRJ@dl.mgd.novartis.com> for more information",
         "LAYER": "F1AI",
         "OWNER": "ciprian.viziteu@novartis.com",
         "SUBJECT_AREA": "DATA SCIENCE AND AI",
         "USE_CASE": "F1AI_USE_CASES",
         "WAREHOUSE_NAME": "PWS0000240",
         "DOMAIN": "F1.AI"
     },
     {
         "APP_ID": "PRJ0890342",
         "APP_NAME": "F1.AI.UC",
         "COST_CENTER": "W1-43740.1.01",
         "DESCRIPTION": "F1AI Platform related - reach out F1.AI_CoreTeam_PRJ <F1.AI_CoreTeam_PRJ@dl.mgd.novartis.com> for more information",
         "LAYER": "F1AI",
         "OWNER": "ciprian.viziteu@novartis.com",
         "SUBJECT_AREA": "DATA SCIENCE AND AI",
         "USE_CASE": "F1AI_USE_CASES",
         "WAREHOUSE_NAME": "PWS0000378",
         "DOMAIN": "F1.AI"
     },
     {
         "APP_ID": "PRJ0916497",
         "APP_NAME": "F1.AI.UC",
         "COST_CENTER": "GACH.300007.C.1",
         "DESCRIPTION": "F1AI Platform related - reach out F1.AI_CoreTeam_PRJ <F1.AI_CoreTeam_PRJ@dl.mgd.novartis.com> for more information",
         "LAYER": "F1AI",
         "OWNER": "ciprian.viziteu@novartis.com",
         "SUBJECT_AREA": "DATA SCIENCE AND AI",
         "USE_CASE": "F1AI_USE_CASES",
         "WAREHOUSE_NAME": "PWS0000379",
         "DOMAIN": "F1.AI"
     },
     {
         "APP_ID": "PRJ0916497",
         "APP_NAME": "F1.AI.UC",
         "COST_CENTER": "GACH.300007.C.1",
         "DESCRIPTION": "F1AI Platform related - reach out F1.AI_CoreTeam_PRJ <F1.AI_CoreTeam_PRJ@dl.mgd.novartis.com> for more information",
         "LAYER": "F1AI",
         "OWNER": "ciprian.viziteu@novartis.com",
         "SUBJECT_AREA": "DATA SCIENCE AND AI",
         "USE_CASE": "F1AI_USE_CASES",
         "WAREHOUSE_NAME": "PWS0000380",
         "DOMAIN": "F1.AI"
     },
     {
         "APP_ID": "PRJ0863932",
         "APP_NAME": "F1.AI.UC",
         "COST_CENTER": "W1-43669.1.01",
         "DESCRIPTION": "F1AI Platform related - reach out F1.AI_CoreTeam_PRJ <F1.AI_CoreTeam_PRJ@dl.mgd.novartis.com> for more information",
         "LAYER": "F1AI",
         "OWNER": "ciprian.viziteu@novartis.com",
         "SUBJECT_AREA": "DATA SCIENCE AND AI",
         "USE_CASE": "F1AI_USE_CASES",
         "WAREHOUSE_NAME": "PWS0000381",
         "DOMAIN": "F1.AI"
     },
     {
         "APP_ID": "PRJ0916497",
         "APP_NAME": "F1.AI.UC",
         "COST_CENTER": "GACH.300007.C.1",
         "DESCRIPTION": "F1AI Platform related - reach out F1.AI_CoreTeam_PRJ <F1.AI_CoreTeam_PRJ@dl.mgd.novartis.com> for more information",
         "LAYER": "F1AI",
         "OWNER": "ciprian.viziteu@novartis.com",
         "SUBJECT_AREA": "DATA SCIENCE AND AI",
         "USE_CASE": "F1AI_USE_CASES",
         "WAREHOUSE_NAME": "PWS0000393",
         "DOMAIN": "F1.AI"
     },
     {
         "APP_ID": "PRJ0916497",
         "APP_NAME": "F1.AI.UC",
         "COST_CENTER": "GACH.300007.C.1",
         "DESCRIPTION": "F1AI Platform related - reach out F1.AI_CoreTeam_PRJ <F1.AI_CoreTeam_PRJ@dl.mgd.novartis.com> for more information",
         "LAYER": "F1AI",
         "OWNER": "ciprian.viziteu@novartis.com",
         "SUBJECT_AREA": "DATA SCIENCE AND AI",
         "USE_CASE": "F1AI_USE_CASES",
         "WAREHOUSE_NAME": "PWS0000399",
         "DOMAIN": "F1.AI"
     },
     {
         "APP_ID": "PRJ0916497",
         "APP_NAME": "F1.AI.UC",
         "COST_CENTER": "GACH.300007.C.1",
         "DESCRIPTION": "F1AI Platform related - reach out F1.AI_CoreTeam_PRJ <F1.AI_CoreTeam_PRJ@dl.mgd.novartis.com> for more information",
         "LAYER": "F1AI",
         "OWNER": "ciprian.viziteu@novartis.com",
         "SUBJECT_AREA": "DATA SCIENCE AND AI",
         "USE_CASE": "F1AI_USE_CASES",
         "WAREHOUSE_NAME": "PWS0000401",
         "DOMAIN": "F1.AI"
     },
     {
         "APP_ID": "PRJ0963290",
         "APP_NAME": "F1.AI.UC",
         "COST_CENTER": "W1-43902.1.01",
         "DESCRIPTION": "F1AI Platform related - reach out F1.AI_CoreTeam_PRJ <F1.AI_CoreTeam_PRJ@dl.mgd.novartis.com> for more information",
         "LAYER": "F1AI",
         "OWNER": "ciprian.viziteu@novartis.com",
         "SUBJECT_AREA": "DATA SCIENCE AND AI",
         "USE_CASE": "F1AI_USE_CASES",
         "WAREHOUSE_NAME": "PWS0000412",
         "DOMAIN": "F1.AI"
     },
     {
         "APP_ID": "PRJ0974383",
         "APP_NAME": "F1.AI.UC",
         "COST_CENTER": "W1-43912.1.01",
         "DESCRIPTION": "F1AI Platform related - reach out F1.AI_CoreTeam_PRJ <F1.AI_CoreTeam_PRJ@dl.mgd.novartis.com> for more information",
         "LAYER": "F1AI",
         "OWNER": "ciprian.viziteu@novartis.com",
         "SUBJECT_AREA": "DATA SCIENCE AND AI",
         "USE_CASE": "F1AI_USE_CASES",
         "WAREHOUSE_NAME": "PWS0000413",
         "DOMAIN": "F1.AI"
     },
     {
         "APP_ID": "ZZZ099999",
         "APP_NAME": "F1.AI.UC",
         "COST_CENTER": "I430000000",
         "DESCRIPTION": "F1AI Platform related - reach out F1.AI_CoreTeam_PRJ <F1.AI_CoreTeam_PRJ@dl.mgd.novartis.com> for more information",
         "LAYER": "F1AI",
         "OWNER": "ciprian.viziteu@novartis.com",
         "SUBJECT_AREA": "DATA SCIENCE AND AI",
         "USE_CASE": "F1AI_USE_CASES",
         "WAREHOUSE_NAME": "PWS0000418",
         "DOMAIN": "F1.AI"
     },
     {
         "APP_ID": "PRJ1019213",
         "APP_NAME": "F1.AI.UC",
         "COST_CENTER": "W1-44037.1.01",
         "DESCRIPTION": "F1AI Platform related - reach out F1.AI_CoreTeam_PRJ <F1.AI_CoreTeam_PRJ@dl.mgd.novartis.com> for more information",
         "LAYER": "F1AI",
         "OWNER": "ciprian.viziteu@novartis.com",
         "SUBJECT_AREA": "DATA SCIENCE AND AI",
         "USE_CASE": "F1AI_USE_CASES",
         "WAREHOUSE_NAME": "PWS0000419",
         "DOMAIN": "F1.AI"
     },
     {
         "APP_ID": "884568",
         "APP_NAME": "F1.AI.UC",
         "COST_CENTER": "I430000000",
         "DESCRIPTION": "F1AI Platform related - reach out F1.AI_CoreTeam_PRJ <F1.AI_CoreTeam_PRJ@dl.mgd.novartis.com> for more information",
         "LAYER": "F1AI",
         "OWNER": "ciprian.viziteu@novartis.com",
         "SUBJECT_AREA": "DATA SCIENCE AND AI",
         "USE_CASE": "F1AI_USE_CASES",
         "WAREHOUSE_NAME": "PWS0000421",
         "DOMAIN": "F1.AI"
     },
     {
         "APP_ID": "PRJ1002650",
         "APP_NAME": "F1.AI.UC",
         "COST_CENTER": "W1-43980.1.01",
         "DESCRIPTION": "F1AI Platform related - reach out F1.AI_CoreTeam_PRJ <F1.AI_CoreTeam_PRJ@dl.mgd.novartis.com> for more information",
         "LAYER": "F1AI",
         "OWNER": "ciprian.viziteu@novartis.com",
         "SUBJECT_AREA": "DATA SCIENCE AND AI",
         "USE_CASE": "F1AI_USE_CASES",
         "WAREHOUSE_NAME": "PWS0000442",
         "DOMAIN": "F1.AI"
     },
     {
         "APP_ID": "PRJ0863932",
         "APP_NAME": "F1.AI.UC",
         "COST_CENTER": "W1-43669.1.01",
         "DESCRIPTION": "F1AI Platform related - reach out F1.AI_CoreTeam_PRJ <F1.AI_CoreTeam_PRJ@dl.mgd.novartis.com> for more information",
         "LAYER": "F1AI",
         "OWNER": "ciprian.viziteu@novartis.com",
         "SUBJECT_AREA": "DATA SCIENCE AND AI",
         "USE_CASE": "F1AI_USE_CASES",
         "WAREHOUSE_NAME": "PWS0000449",
         "DOMAIN": "F1.AI"
     },
     {
         "APP_ID": "PRJ0548675",
         "APP_NAME": "F1.AI.UC",
         "COST_CENTER": "W1-43169.1.01",
         "DESCRIPTION": "F1AI Platform related - reach out F1.AI_CoreTeam_PRJ <F1.AI_CoreTeam_PRJ@dl.mgd.novartis.com> for more information",
         "LAYER": "F1AI",
         "OWNER": "ciprian.viziteu@novartis.com",
         "SUBJECT_AREA": "DATA SCIENCE AND AI",
         "USE_CASE": "F1AI_USE_CASES",
         "WAREHOUSE_NAME": "PWS0000452",
         "DOMAIN": "F1.AI"
     },
     {
         "APP_ID": "ZZZ073474",
         "APP_NAME": "F1.AI.UC",
         "COST_CENTER": "I430000000",
         "DESCRIPTION": "F1AI Platform related - reach out F1.AI_CoreTeam_PRJ <F1.AI_CoreTeam_PRJ@dl.mgd.novartis.com> for more information",
         "LAYER": "F1AI",
         "OWNER": "ciprian.viziteu@novartis.com",
         "SUBJECT_AREA": "DATA SCIENCE AND AI",
         "USE_CASE": "F1AI_USE_CASES",
         "WAREHOUSE_NAME": "PWS0000456",
         "DOMAIN": "F1.AI"
     },
     {
         "APP_ID": "ZZZ073474",
         "APP_NAME": "F1.AI.UC",
         "COST_CENTER": "I430000000",
         "DESCRIPTION": "F1AI Platform related - reach out F1.AI_CoreTeam_PRJ <F1.AI_CoreTeam_PRJ@dl.mgd.novartis.com> for more information",
         "LAYER": "F1AI",
         "OWNER": "ciprian.viziteu@novartis.com",
         "SUBJECT_AREA": "DATA SCIENCE AND AI",
         "USE_CASE": "F1AI_USE_CASES",
         "WAREHOUSE_NAME": "PWS0000461",
         "DOMAIN": "F1.AI"
     },
     {
         "APP_ID": "ZZZ073474",
         "APP_NAME": "F1.AI.UC",
         "COST_CENTER": "I430000000",
         "DESCRIPTION": "F1AI Platform related - reach out F1.AI_CoreTeam_PRJ <F1.AI_CoreTeam_PRJ@dl.mgd.novartis.com> for more information",
         "LAYER": "F1AI",
         "OWNER": "ciprian.viziteu@novartis.com",
         "SUBJECT_AREA": "DATA SCIENCE AND AI",
         "USE_CASE": "F1AI_USE_CASES",
         "WAREHOUSE_NAME": "PWS0000464",
         "DOMAIN": "F1.AI"
     },
     {
         "APP_ID": "PRJ0985372",
         "APP_NAME": "F1.AI.UC",
         "COST_CENTER": "1-44003.1.01",
         "DESCRIPTION": "F1AI Platform related - reach out F1.AI_CoreTeam_PRJ <F1.AI_CoreTeam_PRJ@dl.mgd.novartis.com> for more information",
         "LAYER": "F1AI",
         "OWNER": "ciprian.viziteu@novartis.com",
         "SUBJECT_AREA": "DATA SCIENCE AND AI",
         "USE_CASE": "F1AI_USE_CASES",
         "WAREHOUSE_NAME": "PWS0000493",
         "DOMAIN": "F1.AI"
     },
     {
         "APP_ID": "53684",
         "APP_NAME": "QDL_SDZ",
         "COST_CENTER": "53684",
         "DESCRIPTION": "Warehouse was created via Jenkins Job ID: 382 Started by user Senapati, Abhijit (Ext), SENAPAB2",
         "LAYER": "REFINEMENT",
         "OWNER": "sara_kasae.araya@novartis.com",
         "SUBJECT_AREA": "QUALITY_SZ",
         "USE_CASE": "QDL",
         "WAREHOUSE_NAME": "QDL_SDZ_WH_L",
         "DOMAIN": "NTO"
     },
     {
         "APP_ID": "50482",
         "APP_NAME": "Sandoz Data and Analytics Hub",
         "COST_CENTER": "091366",
         "DESCRIPTION": "To resolve slow performance of queries on SAPCOPA views",
         "LAYER": "REFINEMENT",
         "OWNER": "leena.biswas_ext@novartis.com, satyajeet.ausarmal_ext@novartis.com, saagari.raju_ext@novartis.com, t_pavan-1.kalyan_ext@novartis.com",
         "SUBJECT_AREA": "SAPCOPA",
         "USE_CASE": "SDH",
         "WAREHOUSE_NAME": "SDAH_WH_L",
         "DOMAIN": "IM I"
     },
     {
         "APP_ID": "PRJ0450842",
         "APP_NAME": "F1.AI.UC",
         "COST_CENTER": "W1-43024.1.01",
         "DESCRIPTION": "F1AI Platform related - reach out F1.AI_CoreTeam_PRJ <F1.AI_CoreTeam_PRJ@dl.mgd.novartis.com> for more information",
         "LAYER": "F1AI",
         "OWNER": "ciprian.viziteu@novartis.com",
         "SUBJECT_AREA": "DATA SCIENCE AND AI",
        "USE_CASE": "F1AI_USE_CASES",
         "WAREHOUSE_NAME": "VPWS0000240",
         "DOMAIN": "F1.AI"
     },
     {
         "APP_ID": "PRJ1036444",
         "APP_NAME": "F1.AI.UC",
         "COST_CENTER": "W1-44086.1.01",
         "DESCRIPTION": "F1AI Platform related - reach out F1.AI_CoreTeam_PRJ <F1.AI_CoreTeam_PRJ@dl.mgd.novartis.com> for more information",
         "LAYER": "F1AI",
         "OWNER": "ciprian.viziteu@novartis.com",
         "SUBJECT_AREA": "DATA SCIENCE AND AI",
         "USE_CASE": "F1AI_USE_CASES",
         "WAREHOUSE_NAME": "PWS0000586",
         "DOMAIN": "F1.AI"
     },
     {
         "APP_ID": "PRJ1016464",
         "APP_NAME": "GENESIS",
         "COST_CENTER": "PRJ1016464",
         "DESCRIPTION": "Warehouse was created via Jenkins Job ID: 1002 Started by user Balakrishnan, Unnikrishnan (Ext), BALAKUN1",
         "LAYER": "PUBLISH",
         "OWNER": "avik.kundu@novartis.com",
         "SUBJECT_AREA": "CLINICAL_OPERATIONS",
         "USE_CASE": "GCO_GENESISPUBLISH",
         "WAREHOUSE_NAME": "GDD_GLOBAL_GCO_GENESISPUBLISH_WH_M",
         "DOMAIN": "GDD"
     },
     {
         "APP_ID": "46121",
         "APP_NAME": "TOM",
         "COST_CENTER": "46121",
         "DESCRIPTION": "Warehouse was created via Jenkins Job ID: 1060 Started by user Bhattacharjee, Aditya (Ext), BHATTAD5",
         "LAYER": "REFINEMENT",
         "OWNER": "lukas.aeberhard@novartis.com",
         "SUBJECT_AREA": "QUALITY",
         "USE_CASE": "TOM",
         "WAREHOUSE_NAME": "TOM_WH_XS",
         "DOMAIN": "NTO"
     },
     {
         "APP_ID": "PRJ1016464",
         "APP_NAME": "GENESIS",
         "COST_CENTER": "PRJ1016464",
         "DESCRIPTION": "Warehouse was created via Jenkins Job ID: 999 Started by user Balakrishnan, Unnikrishnan (Ext), BALAKUN1",
         "LAYER": "REFINEMENT",
         "OWNER": "avik.kundu@novartis.com",
         "SUBJECT_AREA": "CLINICAL_OPERATIONS",
         "USE_CASE": "GCO_GENESIS",
         "WAREHOUSE_NAME": "GDD_GLOBAL_GCO_GENESIS_WH_M",
         "DOMAIN": "GDD"
     },
     {
         "APP_ID": "PRJ0890342",
         "APP_NAME": "F1.AI.UC",
         "COST_CENTER": "W1-43740.1.01",
         "DESCRIPTION": "F1AI Platform related - reach out F1.AI_CoreTeam_PRJ <F1.AI_CoreTeam_PRJ@dl.mgd.novartis.com> for more information",
         "LAYER": "F1AI",
         "OWNER": "ciprian.viziteu@novartis.com",
         "SUBJECT_AREA": "DATA SCIENCE AND AI",
         "USE_CASE": "F1AI_USE_CASES",
         "WAREHOUSE_NAME": "PWS0000620",
         "DOMAIN": "F1.AI"
     },
     {
         "APP_ID": "ZZZ099999",
         "APP_NAME": "F1.AI.UC",
         "COST_CENTER": "I430000000",
         "DESCRIPTION": "F1AI Platform related - reach out F1.AI_CoreTeam_PRJ <F1.AI_CoreTeam_PRJ@dl.mgd.novartis.com> for more information",
         "LAYER": "F1AI",
         "OWNER": "ciprian.viziteu@novartis.com",
         "SUBJECT_AREA": "DATA SCIENCE AND AI",
         "USE_CASE": "F1AI_USE_CASES",
         "WAREHOUSE_NAME": "PWS0000600",
         "DOMAIN": "F1.AI"
     },
     {
         "APP_ID": "PRJ1010980",
         "APP_NAME": "NERVELIVE_RC",
         "COST_CENTER": "PRJ1010980",
         "DESCRIPTION": "Warehouse was created via Jenkins Job ID: 1116 Started by user A D, Hari Babu (Ext), ADHA1",
         "LAYER": "REFINEMENT",
         "OWNER": "ciprian.viziteu@novartis.com",
         "SUBJECT_AREA": "PROJECT_PORTFOLIO_MANAGEMENT",
         "USE_CASE": "GDD_EU_RC",
         "WAREHOUSE_NAME": "GDD_EU_RC_WH_S",
         "DOMAIN": "GDD"
     },
     {
         "APP_ID": "PRJ0890342",
         "APP_NAME": "F1.AI.UC",
         "COST_CENTER": "W1-43740.1.01",
         "DESCRIPTION": "F1AI Platform related - reach out F1.AI_CoreTeam_PRJ <F1.AI_CoreTeam_PRJ@dl.mgd.novartis.com> for more information",
         "LAYER": "F1AI",
         "OWNER": "ciprian.viziteu@novartis.com",
         "SUBJECT_AREA": "DATA SCIENCE AND AI",
         "USE_CASE": "F1AI_USE_CASES",
         "WAREHOUSE_NAME": "PWS0000619",
         "DOMAIN": "F1.AI"
     },
     {
         "APP_ID": "PRJ0890342",
         "APP_NAME": "F1.AI.UC",
         "COST_CENTER": "W1-43740.1.01",
         "DESCRIPTION": "F1AI Platform related - reach out F1.AI_CoreTeam_PRJ <F1.AI_CoreTeam_PRJ@dl.mgd.novartis.com> for more information",
         "LAYER": "F1AI",
         "OWNER": "ciprian.viziteu@novartis.com",
         "SUBJECT_AREA": "DATA SCIENCE AND AI",
         "USE_CASE": "F1AI_USE_CASES",
         "WAREHOUSE_NAME": "PWS0000612",
         "DOMAIN": "F1.AI"
     },
     {
         "APP_ID": "53048",
         "APP_NAME": "ONEPSP",
         "COST_CENTER": "53048",
         "DESCRIPTION": "Warehouse was created via Jenkins Job ID: 1661 Started by user Sebait, Sanjoy (Ext), SEBAISA1",
         "LAYER": "PUBLISH",
         "OWNER": "denis.ali@novartis.com",
         "SUBJECT_AREA": "PATIENT_ORIENTED_SUPPORT_PROGRAM",
         "USE_CASE": "ONEPSP",
         "WAREHOUSE_NAME": "COM_EU_PHARMA_ONEPSP_WH_M",
         "DOMAIN": "IM I"
     },
     {
         "APP_ID": "PRJ0646703",
         "APP_NAME": "SHI_CONTRACTS_DE",
         "COST_CENTER": "PRJ0646703",
         "DESCRIPTION": "Warehouse was created via Jenkins Job ID: 1667 Started by user Diduvanu, Rohan (Ext), DIDUVRO1",
         "LAYER": "PUBLISH",
         "OWNER": "sridhar.vadaga@novartis.com",
         "SUBJECT_AREA": "CUSTOMER_MARKETING_AND_SALES",
         "USE_CASE": "SHI_CONTRACTS_DE",
         "WAREHOUSE_NAME": "COM_EU_PHARMA_SHICONTRACTSDE_WH_XS",
         "DOMAIN": "GF"
     },
     {
         "APP_ID": "52959",
         "APP_NAME": "FRANCE_DATA_ANALYTICS",
         "COST_CENTER": "52959",
         "DESCRIPTION": "Warehouse was created via Jenkins Job ID: 1663 Started by user Hariharan, GiriKumar (Ext), HARIHGI1",
         "LAYER": "PUBLISH",
         "OWNER": "pascale.palcy@novartis.com",
         "SUBJECT_AREA": "NA",
         "USE_CASE": "IMI_FR_ANALYTICS",
         "WAREHOUSE_NAME": "COM_IMI_FR_ANALYTICS_WH_S",
         "DOMAIN": "IM I"
     },
     {
         "APP_ID": "PRJ0646703",
         "APP_NAME": "LDC_KINAXIS",
         "COST_CENTER": "PRJ0646703",
         "DESCRIPTION": "Warehouse was created via Jenkins Job ID: 1696 Started by user Bharati, Asuthosh (Ext), BHARAAS2",
         "LAYER": "PUBLISH",
         "OWNER": "srinivas.neelam@novartis.com",
         "SUBJECT_AREA": "NA",
         "USE_CASE": "LDC_KINAXIS",
         "WAREHOUSE_NAME": "NTO_EU_LDC_KINAXIS_WH_M",
         "DOMAIN": "NTO"
     },
     {
         "APP_ID": "54291",
         "APP_NAME": "RLTMSCC",
         "COST_CENTER": "54291",
         "DESCRIPTION": "Warehouse was created via Jenkins Job ID: 1807 Started by user Bhattacharjee, Aditya (Ext), BHATTAD5",
         "LAYER": "PUBLISH",
         "OWNER": "cem.ertug@novartis.com ",
         "SUBJECT_AREA": "MFGSC",
         "USE_CASE": "RLT_MSCC",
         "WAREHOUSE_NAME": "NTO_EU_TOQ_MFGSC_RLT_MSCC_WH_S",
         "DOMAIN": "NTO"
     },
     {
         "APP_ID": "53048",
         "APP_NAME": "ONEPSP",
         "COST_CENTER": "53048",
         "DESCRIPTION": "Warehouse was created via Jenkins Job ID: 1654 Started by user Sebait, Sanjoy (Ext), SEBAISA1",
         "LAYER": "REFINEMENT",
         "OWNER": "denis.ali@novartis.com",
         "SUBJECT_AREA": "PATIENT_ORIENTED_SUPPORT_PROGRAM",
         "USE_CASE": "ONEPSP",
         "WAREHOUSE_NAME": "ONEPSP_WH_M",
         "DOMAIN": "IM I"
     },
     {
         "APP_ID": "PRJ1070151",
         "APP_NAME": "F1.AI.UC",
         "COST_CENTER": "I430002938",
         "DESCRIPTION": "F1AI Platform related - reach out F1.AI_CoreTeam_PRJ <F1.AI_CoreTeam_PRJ@dl.mgd.novartis.com> for more information",
         "LAYER": "F1AI",
         "OWNER": "ciprian.viziteu@novartis.com",
         "SUBJECT_AREA": "DATA SCIENCE AND AI",
         "USE_CASE": "F1AI_USE_CASES",
         "WAREHOUSE_NAME": "PWS0000646",
         "DOMAIN": "F1.AI"
     },
     {
         "APP_ID": "PRJ0890342",
         "APP_NAME": "F1.AI.UC",
         "COST_CENTER": "W1-43740.1.01",
         "DESCRIPTION": "F1AI Platform related - reach out F1.AI_CoreTeam_PRJ <F1.AI_CoreTeam_PRJ@dl.mgd.novartis.com> for more information",
         "LAYER": "F1AI",
         "OWNER": "ciprian.viziteu@novartis.com",
         "SUBJECT_AREA": "DATA SCIENCE AND AI",
         "USE_CASE": "F1AI_USE_CASES",
         "WAREHOUSE_NAME": "PWS0000652",
         "DOMAIN": "F1.AI"
     },
     {
         "APP_ID": "PRJ0964288",
         "APP_NAME": "F1.AI.UC",
         "COST_CENTER": "W1-43893.1.01",
         "DESCRIPTION": "F1AI Platform related - reach out F1.AI_CoreTeam_PRJ <F1.AI_CoreTeam_PRJ@dl.mgd.novartis.com> for more information",
         "LAYER": "F1AI",
         "OWNER": "ciprian.viziteu@novartis.com",
         "SUBJECT_AREA": "DATA SCIENCE AND AI",
         "USE_CASE": "F1AI_USE_CASES",
         "WAREHOUSE_NAME": "PWS0000659",
         "DOMAIN": "F1.AI"
     },
     {
         "APP_ID": "PRJ0823096",
         "APP_NAME": "F1.AI.UC",
         "COST_CENTER": "W1-43589.1.01",
         "DESCRIPTION": "F1AI Platform related - reach out F1.AI_CoreTeam_PRJ <F1.AI_CoreTeam_PRJ@dl.mgd.novartis.com> for more information",
         "LAYER": "F1AI",
         "OWNER": "ciprian.viziteu@novartis.com",
         "SUBJECT_AREA": "DATA SCIENCE AND AI",
         "USE_CASE": "F1AI_USE_CASES",
         "WAREHOUSE_NAME": "PWS0000665",
         "DOMAIN": "F1.AI"
     },
     {
         "APP_ID": "PRJ0890342",
         "APP_NAME": "F1.AI.UC",
         "COST_CENTER": "W1-43740.1.01",
         "DESCRIPTION": "F1AI Platform related - reach out F1.AI_CoreTeam_PRJ <F1.AI_CoreTeam_PRJ@dl.mgd.novartis.com> for more information",
         "LAYER": "F1AI",
         "OWNER": "ciprian.viziteu@novartis.com",
         "SUBJECT_AREA": "DATA SCIENCE AND AI",
         "USE_CASE": "F1AI_USE_CASES",
         "WAREHOUSE_NAME": "PWS0000668",
         "DOMAIN": "F1.AI"
     },
     {
         "APP_ID": "PRJ0890342",
         "APP_NAME": "F1.AI.UC",
         "COST_CENTER": "W1-43740.1.01",
         "DESCRIPTION": "F1AI Platform related - reach out F1.AI_CoreTeam_PRJ <F1.AI_CoreTeam_PRJ@dl.mgd.novartis.com> for more information",
         "LAYER": "F1AI",
         "OWNER": "ciprian.viziteu@novartis.com",
         "SUBJECT_AREA": "DATA SCIENCE AND AI",
         "USE_CASE": "F1AI_USE_CASES",
         "WAREHOUSE_NAME": "PWS0000669",
         "DOMAIN": "F1.AI"
     },
     {
         "APP_ID": "PRJ0823096",
         "APP_NAME": "F1.AI.UC",
         "COST_CENTER": "W1-43589.1.01",
         "DESCRIPTION": "F1AI Platform related - reach out F1.AI_CoreTeam_PRJ <F1.AI_CoreTeam_PRJ@dl.mgd.novartis.com> for more information",
         "LAYER": "F1AI",
         "OWNER": "ciprian.viziteu@novartis.com",
         "SUBJECT_AREA": "DATA SCIENCE AND AI",
         "USE_CASE": "F1AI_USE_CASES",
         "WAREHOUSE_NAME": "PWS0000673",
         "DOMAIN": "F1.AI"
     },
    {
        "APP_ID": "091528",
        "APP_NAME": "GAIA_ASPIRATION",
        "COST_CENTER": "091528",
        "DESCRIPTION": "Warehouse was created via Jenkins Job ID: 1975 Started by user Gujjari, Madava Venkata (Ext), GUJJAMA1",
        "LAYER": "PUBLISH",
        "OWNER": "vikram.srivastava@novartis.com",
        "SUBJECT_AREA": "",
        "USE_CASE": "GAIA_ASPIRATION",
        "WAREHOUSE_NAME": "CBS_EU_GAIA_ASPIRATION_WH_M",
        "DOMAIN": "GF"
    },
    {
        "APP_ID": "54165",
        "APP_NAME": "DSAIIA",
        "COST_CENTER": "54165",
        "DESCRIPTION": "Warehouse was created via Jenkins Job ID: 2179 Started by user Kumar, Aniket-1 (Ext), KUMARADW",
        "LAYER": "REFINEMENT",
        "OWNER": "pavel.katolicky@novartis.com",
        "SUBJECT_AREA": "SPEND_AND_SAVINGS",
        "USE_CASE": "DSAIIA",
        "WAREHOUSE_NAME": "IA_WH_M",
        "DOMAIN": "GF"
    },
    {
        "APP_ID": "PRJ1016464",
        "APP_NAME": "GENESIS",
        "COST_CENTER": "PRJ1016464",
        "DESCRIPTION": "Warehouse was created via Jenkins Job ID: 1801 Started by user Balakrishnan, Unnikrishnan (Ext), BALAKUN1",
        "LAYER": "PUBLISH",
        "OWNER": "avik.kundu@novartis.com",
        "SUBJECT_AREA": "CLINICAL_OPERATIONS",
        "USE_CASE": "GDD_GLOBAL_GCO_GENESIS",
        "WAREHOUSE_NAME": "GDD_GLOBAL_GCO_GENESIS_PB_APP_WH_M",
        "DOMAIN": "GDD"
    },
    {
        "APP_ID": "091528",
        "APP_NAME": "GAIA_ASPIRATION",
        "COST_CENTER": "091528",
        "DESCRIPTION": "Warehouse was created via Jenkins Job ID: 1908 Started by user Gujjari, Madava Venkata (Ext), GUJJAMA1",
        "LAYER": "PUBLISH",
        "OWNER": "vikram.srivastava@novartis.com",
        "SUBJECT_AREA": "NA",
        "USE_CASE": "GAIA",
        "WAREHOUSE_NAME": "CBS_EU_GAIA_ASPIRATION_WH_S",
        "DOMAIN": "GF"
    },
    {
        "APP_ID": "50563",
        "APP_NAME": "PROCUREMENT DATA LAKE",
        "COST_CENTER": "50563",
        "DESCRIPTION": "Warehouse was created via Jenkins Job ID: 1261 Started by user R, Lokeshwaran (Ext), RLO1",
        "LAYER": "REFINEMENT",
        "OWNER": "harish.jangala@novartis.com",
        "SUBJECT_AREA": "PROCUREMENT",
        "USE_CASE": "PDL",
        "WAREHOUSE_NAME": "PDL_WH_M",
        "DOMAIN": "GF"
    },
    {
        "APP_ID": "54158",
        "APP_NAME": "SMART NCC",
        "COST_CENTER": "54158",
        "DESCRIPTION": "Warehouse was created via Jenkins Job ID: 1777 Started by user Maniyar, Sachin (Ext), MANIYSA1",
        "LAYER": "PUBLISH",
        "OWNER": "saidilip.lakkakula@novartis.com",
        "SUBJECT_AREA": "SUPPLIER AND SPEND",
        "USE_CASE": "SMART_NCC",
        "WAREHOUSE_NAME": "CBS_EU_SMART_NCC_WH_M",
        "DOMAIN": "GF"
    },
    {
        "APP_ID": "58668",
        "APP_NAME": "IA_CLINICALTRIALS",
        "COST_CENTER": "58668",
        "DESCRIPTION": "Warehouse was created via Jenkins Job ID: 2031 Started by user Hariharan, GiriKumar (Ext), HARIHGI1",
        "LAYER": "PUBLISH",
        "OWNER": "ciprian.viziteu@novartis.com,pavel.katolicky@novartis.com",
        "SUBJECT_AREA": "INTERNALAUDIT",
        "USE_CASE": "IA_CLINICALTRIALS",
        "WAREHOUSE_NAME": "DSAI_IA_CLINICAL_TRIAL_WH_M",
        "DOMAIN": "GF"
    },
    {
        "APP_ID": "53283",
        "APP_NAME": "CSI",
        "COST_CENTER": "53283",
        "DESCRIPTION": "Warehouse was created via Jenkins Job ID: 850 Started by user Kundapur, Yashaswini (Ext), KUNDAYA1",
        "LAYER": "REFINEMENT",
        "OWNER": "divya.nadella@novartis.com",
        "SUBJECT_AREA": "CLINICAL_OPERATIONS",
        "USE_CASE": "CSI",
        "WAREHOUSE_NAME": "CSI_WH_M",
        "DOMAIN": "GDD"
    },
    {
        "APP_ID": "53917",
        "APP_NAME": "S2P Analytics Dashboard",
        "COST_CENTER": "PRJ0890475",
        "DESCRIPTION": "Warehouse was created via Jenkins Job ID: 1068 Started by user Sumithra, Selvaraj (Ext), SUMITSE1",
        "LAYER": "REFINEMENT",
        "OWNER": "dennis_sw.lee@novartis.com",
        "SUBJECT_AREA": "PROCUREMENT",
        "USE_CASE": "S2P_Analytics_Dashboard",
        "WAREHOUSE_NAME": "S2PVA_WH_M",
        "DOMAIN": "IM I"
    },
    {
        "APP_ID": "PRJ0890342",
        "APP_NAME": "F1.AI.UC",
        "COST_CENTER": "W1-43740.1.01",
        "DESCRIPTION": "F1AI Platform related - reach out F1.AI_CoreTeam_PRJ <F1.AI_CoreTeam_PRJ@dl.mgd.novartis.com> for more information",
        "LAYER": "F1AI",
        "OWNER": "ciprian.viziteu@novartis.com",
        "SUBJECT_AREA": "DATA SCIENCE AND AI",
        "USE_CASE": "F1AI_USE_CASES",
        "WAREHOUSE_NAME": "PWS0000616",
        "DOMAIN": "F1.AI"
    },
    {
        "APP_ID": "PRJ0890342",
        "APP_NAME": "F1.AI.UC",
        "COST_CENTER": "W1-43740.1.01",
        "DESCRIPTION": "F1AI Platform related - reach out F1.AI_CoreTeam_PRJ <F1.AI_CoreTeam_PRJ@dl.mgd.novartis.com> for more information",
        "LAYER": "F1AI",
        "OWNER": "ciprian.viziteu@novartis.com",
        "SUBJECT_AREA": "DATA SCIENCE AND AI",
        "USE_CASE": "F1AI_USE_CASES",
        "WAREHOUSE_NAME": "PWS0000686",
        "DOMAIN": "F1.AI"
    },
    {
        "APP_ID": "PRJ0890342",
        "APP_NAME": "F1.AI.UC",
        "COST_CENTER": "W1-43740.1.01",
        "DESCRIPTION": "F1AI Platform related - reach out F1.AI_CoreTeam_PRJ <F1.AI_CoreTeam_PRJ@dl.mgd.novartis.com> for more information",
        "LAYER": "F1AI",
        "OWNER": "ciprian.viziteu@novartis.com",
        "SUBJECT_AREA": "DATA SCIENCE AND AI",
        "USE_CASE": "F1AI_USE_CASES",
        "WAREHOUSE_NAME": "PWS0000687",
        "DOMAIN": "F1.AI"
    },
    {
        "APP_ID": "PRJ0985372",
        "APP_NAME": "F1.AI.UC",
        "COST_CENTER": "W1-44003.1.01",
        "DESCRIPTION": "F1AI Platform related - reach out F1.AI_CoreTeam_PRJ <F1.AI_CoreTeam_PRJ@dl.mgd.novartis.com> for more information",
        "LAYER": "F1AI",
        "OWNER": "ciprian.viziteu@novartis.com",
        "SUBJECT_AREA": "DATA SCIENCE AND AI",
        "USE_CASE": "F1AI_USE_CASES",
        "WAREHOUSE_NAME": "PWS0000679",
        "DOMAIN": "F1.AI"
    },
    {
        "APP_ID": "PRJ0890342",
        "APP_NAME": "F1.AI.UC",
        "COST_CENTER": "W1-43740.1.01",
        "DESCRIPTION": "F1AI Platform related - reach out F1.AI_CoreTeam_PRJ <F1.AI_CoreTeam_PRJ@dl.mgd.novartis.com> for more information",
        "LAYER": "F1AI",
        "OWNER": "ciprian.viziteu@novartis.com",
        "SUBJECT_AREA": "DATA SCIENCE AND AI",
        "USE_CASE": "F1AI_USE_CASES",
        "WAREHOUSE_NAME": "PWS0000685",
        "DOMAIN": "F1.AI"
    },
    {
        "APP_ID": "PRJ0890342",
        "APP_NAME": "F1.AI.UC",
        "COST_CENTER": "W1-43740.1.01",
        "DESCRIPTION": "F1AI Platform related - reach out F1.AI_CoreTeam_PRJ <F1.AI_CoreTeam_PRJ@dl.mgd.novartis.com> for more information",
        "LAYER": "F1AI",
        "OWNER": "NIGAMSU2@NOVARTIS.NET",
        "SUBJECT_AREA": "DATA SCIENCE AND AI",
        "USE_CASE": "F1AI_USE_CASES",
        "WAREHOUSE_NAME": "PWS0000717",
        "DOMAIN": "F1.AI"
    },
    {
        "APP_ID": "PRJ0890342",
        "APP_NAME": "F1.AI.UC",
        "COST_CENTER": "W1-43740.1.01",
        "DESCRIPTION": "F1AI Platform related - reach out F1.AI_CoreTeam_PRJ <F1.AI_CoreTeam_PRJ@dl.mgd.novartis.com> for more information",
        "LAYER": "F1AI",
        "OWNER": "ciprian.viziteu@novartis.com",
        "SUBJECT_AREA": "DATA SCIENCE AND AI",
        "USE_CASE": "F1AI_USE_CASES",
        "WAREHOUSE_NAME": "PWS0000675",
        "DOMAIN": "F1.AI"
    },
    {
        "APP_ID": "PRJ1002650",
        "APP_NAME": "F1.AI.UC",
        "COST_CENTER": "W1-43980.1.01",
        "DESCRIPTION": "F1AI Platform related - reach out F1.AI_CoreTeam_PRJ <F1.AI_CoreTeam_PRJ@dl.mgd.novartis.com> for more information",
        "LAYER": "F1AI",
        "OWNER": "MAHESYA2@NOVARTIS.NET",
        "SUBJECT_AREA": "DATA SCIENCE AND AI",
        "USE_CASE": "F1AI_USE_CASES",
        "WAREHOUSE_NAME": "VPWS0000442",
        "DOMAIN": "F1.AI"
    },
    {
        "APP_ID": "PRJ0890342",
        "APP_NAME": "F1.AI.UC",
        "COST_CENTER": "W1-43740.1.01",
        "DESCRIPTION": "F1AI Platform related - reach out F1.AI_CoreTeam_PRJ <F1.AI_CoreTeam_PRJ@dl.mgd.novartis.com> for more information",
        "LAYER": "F1AI",
        "OWNER": "NIGAMSU2@NOVARTIS.NET",
        "SUBJECT_AREA": "DATA SCIENCE AND AI",
        "USE_CASE": "F1AI_USE_CASES",
        "WAREHOUSE_NAME": "VPWS0000620",
        "DOMAIN": "F1.AI"
    }
]