[{"APP_ID": "44711", "APP_NAME": "GLASSBOX", "COST_CENTER": "44711", "DESCRIPTION": "Created on request from ramu.ravella@novartis.com, approved by Lalit", "LAYER": "N/A", "OWNER": "lalit.bhalla@novartis.com, GB_APP_CTS_ORG_GBL_GBL@dl.mgd.novartis.com", "SUBJECT_AREA": "NA", "USE_CASE": "GLASSBOX", "WAREHOUSE_NAME": "ADHOC_DDL_WH_4XL", "DOMAIN": "IM US"},{"APP_ID": "NA", "APP_NAME": "NA", "COST_CENTER": "NA", "DESCRIPTION": "WH created by user: RAVELRA1@NOVARTIS.NET, on account: NVS4PRDEAST1, dated: Fri Jan 27 2023 02:55:36 GMT-0500 (Eastern Standard Time).", "LAYER": "NA", "OWNER": "ramu.ravella@novartis.com", "SUBJECT_AREA": "NA", "USE_CASE": "ADHOC_DDL", "WAREHOUSE_NAME": "ADHOC_DDL_WH_S", "DOMAIN": "IM US"},{"APP_ID": "46074", "APP_NAME": "AWB", "COST_CENTER": "46074", "DESCRIPTION": "New Lab warehouses", "LAYER": "PUBLISH", "OWNER": "tachuan_robert.chen@novartis.com, nagarjuna.itte@novartis.com, jalpeshkumar.chavda@novartis.com,CTS_GLASSBOX_PLATFORM_OPS_PRJ_GBL_GBL@dl.mgd.novartis.com", "SUBJECT_AREA": "Alignment / Customer / Customer Master/ Customer Universe / Geography / Interaction / Product / Roster / Sales", "USE_CASE": "GLASSBOX", "WAREHOUSE_NAME": "ARD_COREPL_MIGRATION_DEDICATED_WH_2X", "DOMAIN": "IM US"},{"APP_ID": "46074", "APP_NAME": "AWB", "COST_CENTER": "46074", "DESCRIPTION": "New Lab warehouses", "LAYER": "PUBLISH", "OWNER": "tachuan_robert.chen@novartis.com, nagarjuna.itte@novartis.com, jalpeshkumar.chavda@novartis.com,CTS_GLASSBOX_PLATFORM_OPS_PRJ_GBL_GBL@dl.mgd.novartis.com", "SUBJECT_AREA": "Alignment / Customer / Customer Master/ Customer Universe / Geography / Interaction / Product / Roster / Sales", "USE_CASE": "GLASSBOX", "WAREHOUSE_NAME": "ARD_COREPL_MIGRATION_DEDICATED_WH_M", "DOMAIN": "IM US"},{"APP_ID": "46074", "APP_NAME": "AWB", "COST_CENTER": "46074", "DESCRIPTION": "This warehouse is created for Tellius connection under AWB with the request RITM5968888 ", "LAYER": "PUBLISH", "OWNER": "shyam.vora@novartis.com", "SUBJECT_AREA": "PSS(Patient Data)", "USE_CASE": "Tellius (For PSS Data)", "WAREHOUSE_NAME": "AWB_TL_PSS_WH_L", "DOMAIN": "IM US"},{"APP_ID": "PRJ0661798", "APP_NAME": "US_TRANSPARENCY", "COST_CENTER": "PRJ0661798", "DESCRIPTION": "This warehouse was created via Jenkins Job ID: 752 Started by user Maniyar, Sachin (Ext), MANIYSA1", "LAYER": "PUBLISH", "OWNER": "nigil_varghese.joy@novartis.com", "SUBJECT_AREA": "NA", "USE_CASE": "US_TRANSPARENCY", "WAREHOUSE_NAME": "CBS_US_CORP_US_TRANSPARENCY_WH_S", "DOMAIN": "GF"},{"APP_ID": "PRJ0847871", "APP_NAME": "US MEDICAL DATA HUB ", "COST_CENTER": "PRJ0847871", "DESCRIPTION": "Warehouse was created via Jenkins Job ID: 191 Started by user A D, Hari Babu (Ext), ADHA1", "LAYER": "REFINEMENT", "OWNER": "juan_carlos.ortiz_mateos@novartis.com", "SUBJECT_AREA": "CUSTOMER MEDICAL AFFAIRS", "USE_CASE": "CDMA", "WAREHOUSE_NAME": "CDMA_WH_S", "DOMAIN": "IM I"},{"APP_ID": "46074", "APP_NAME": "IM DNA Asia Project", "COST_CENTER": "46074", "DESCRIPTION": "Used by Glassbox roles", "LAYER": "PUBLISH", "OWNER": "gb_ops_axtria_org_gbl@dl.mgd.novartis.com, CTS_GLASSBOX_PLATFORM_OPS_PRJ_GBL_GBL@dl.mgd.novartis.com, Lalit.Bhalla@novartis.com, aquil.mohammed_ext@novartis.com", "SUBJECT_AREA": "Alignment / Customer / Customer Master/ Customer Universe / Geography / Interaction / Product / Roster / Sales", "USE_CASE": "GLASSBOX", "WAREHOUSE_NAME": "COM_APMA_DI_WH_MD", "DOMAIN": "IM US"},{"APP_ID": "46074", "APP_NAME": "IM DNA Asia Project", "COST_CENTER": "46074", "DESCRIPTION": "Used by Glassbox roles", "LAYER": "PUBLISH", "OWNER": "gb_ops_axtria_org_gbl@dl.mgd.novartis.com, CTS_GLASSBOX_PLATFORM_OPS_PRJ_GBL_GBL@dl.mgd.novartis.com, Lalit.Bhalla@novartis.com, aquil.mohammed_ext@novartis.com", "SUBJECT_AREA": "Alignment / Customer / Customer Master/ Customer Universe / Geography / Interaction / Product / Roster / Sales", "USE_CASE": "GLASSBOX", "WAREHOUSE_NAME": "COM_APMA_DI_WH_SM", "DOMAIN": "IM US"},{"APP_ID": "46074", "APP_NAME": "IM DNA Asia Project", "COST_CENTER": "46074", "DESCRIPTION": "Used by Glassbox roles", "LAYER": "PUBLISH", "OWNER": "gb_ops_axtria_org_gbl@dl.mgd.novartis.com, CTS_GLASSBOX_PLATFORM_OPS_PRJ_GBL_GBL@dl.mgd.novartis.com, Lalit.Bhalla@novartis.com, aquil.mohammed_ext@novartis.com", "SUBJECT_AREA": "Alignment / Customer / Customer Master/ Customer Universe / Geography / Interaction / Product / Roster / Sales", "USE_CASE": "GLASSBOX", "WAREHOUSE_NAME": "COM_APMA_DI_WH_XS", "DOMAIN": "IM US"},{"APP_ID": "46074", "APP_NAME": "IM DNA Asia Project", "COST_CENTER": "46074", "DESCRIPTION": "Used by Glassbox roles", "LAYER": "PUBLISH", "OWNER": "gb_ops_axtria_org_gbl@dl.mgd.novartis.com, CTS_GLASSBOX_PLATFORM_OPS_PRJ_GBL_GBL@dl.mgd.novartis.com, Lalit.Bhalla@novartis.com, aquil.mohammed_ext@novartis.com", "SUBJECT_AREA": "Alignment / Customer / Customer Master/ Customer Universe / Geography / Interaction / Product / Roster / Sales", "USE_CASE": "GLASSBOX", "WAREHOUSE_NAME": "COM_APMA_DP_WH_MD", "DOMAIN": "IM US"},{"APP_ID": "46074", "APP_NAME": "IM DNA Asia Project", "COST_CENTER": "46074", "DESCRIPTION": "Used by Glassbox roles", "LAYER": "PUBLISH", "OWNER": "gb_ops_axtria_org_gbl@dl.mgd.novartis.com, CTS_GLASSBOX_PLATFORM_OPS_PRJ_GBL_GBL@dl.mgd.novartis.com, Lalit.Bhalla@novartis.com, aquil.mohammed_ext@novartis.com", "SUBJECT_AREA": "Alignment / Customer / Customer Master/ Customer Universe / Geography / Interaction / Product / Roster / Sales", "USE_CASE": "GLASSBOX", "WAREHOUSE_NAME": "COM_APMA_DP_WH_SM", "DOMAIN": "IM US"},{"APP_ID": "46074", "APP_NAME": "IM DNA Asia Project", "COST_CENTER": "46074", "DESCRIPTION": "Used by Glassbox roles", "LAYER": "PUBLISH", "OWNER": "gb_ops_axtria_org_gbl@dl.mgd.novartis.com, CTS_GLASSBOX_PLATFORM_OPS_PRJ_GBL_GBL@dl.mgd.novartis.com, Lalit.Bhalla@novartis.com, aquil.mohammed_ext@novartis.com", "SUBJECT_AREA": "Alignment / Customer / Customer Master/ Customer Universe / Geography / Interaction / Product / Roster / Sales", "USE_CASE": "GLASSBOX", "WAREHOUSE_NAME": "COM_APMA_DP_WH_XS", "DOMAIN": "IM US"},{"APP_ID": "46074", "APP_NAME": "IM DNA Asia Project", "COST_CENTER": "46074", "DESCRIPTION": "Used by Glassbox roles", "LAYER": "PUBLISH", "OWNER": "gb_ops_axtria_org_gbl@dl.mgd.novartis.com, CTS_GLASSBOX_PLATFORM_OPS_PRJ_GBL_GBL@dl.mgd.novartis.com, Lalit.Bhalla@novartis.com, aquil.mohammed_ext@novartis.com", "SUBJECT_AREA": "Alignment / Customer / Customer Master/ Customer Universe / Geography / Interaction / Product / Roster / Sales", "USE_CASE": "GLASSBOX", "WAREHOUSE_NAME": "COM_APMA_DQ_WH_MD", "DOMAIN": "IM US"},{"APP_ID": "46074", "APP_NAME": "IM DNA Asia Project", "COST_CENTER": "46074", "DESCRIPTION": "Used by Glassbox roles", "LAYER": "PUBLISH", "OWNER": "gb_ops_axtria_org_gbl@dl.mgd.novartis.com, CTS_GLASSBOX_PLATFORM_OPS_PRJ_GBL_GBL@dl.mgd.novartis.com, Lalit.Bhalla@novartis.com, aquil.mohammed_ext@novartis.com", "SUBJECT_AREA": "Alignment / Customer / Customer Master/ Customer Universe / Geography / Interaction / Product / Roster / Sales", "USE_CASE": "GLASSBOX", "WAREHOUSE_NAME": "COM_APMA_DQ_WH_SM", "DOMAIN": "IM US"},{"APP_ID": "46074", "APP_NAME": "IM DNA Asia Project", "COST_CENTER": "46074", "DESCRIPTION": "Used by Glassbox roles", "LAYER": "PUBLISH", "OWNER": "gb_ops_axtria_org_gbl@dl.mgd.novartis.com, CTS_GLASSBOX_PLATFORM_OPS_PRJ_GBL_GBL@dl.mgd.novartis.com, Lalit.Bhalla@novartis.com, aquil.mohammed_ext@novartis.com", "SUBJECT_AREA": "Alignment / Customer / Customer Master/ Customer Universe / Geography / Interaction / Product / Roster / Sales", "USE_CASE": "GLASSBOX", "WAREHOUSE_NAME": "COM_APMA_DQ_WH_XS", "DOMAIN": "IM US"},{"APP_ID": "46074", "APP_NAME": "IM DNA Brazil Project", "COST_CENTER": "46074", "DESCRIPTION": "Used by Glassbox roles", "LAYER": "PUBLISH", "OWNER": "gb_ops_axtria_org_gbl@dl.mgd.novartis.com, CTS_GLASSBOX_PLATFORM_OPS_PRJ_GBL_GBL@dl.mgd.novartis.com, Lalit.Bhalla@novartis.com, aquil.mohammed_ext@novartis.com", "SUBJECT_AREA": "Alignment / Customer / Customer Master/ Customer Universe / Geography / Interaction / Product / Roster / Sales", "USE_CASE": "GLASSBOX", "WAREHOUSE_NAME": "COM_LACAN_DI_WH_MD", "DOMAIN": "IM US"},{"APP_ID": "46074", "APP_NAME": "IM DNA Brazil Project", "COST_CENTER": "46074", "DESCRIPTION": "Used by Glassbox roles", "LAYER": "PUBLISH", "OWNER": "gb_ops_axtria_org_gbl@dl.mgd.novartis.com, CTS_GLASSBOX_PLATFORM_OPS_PRJ_GBL_GBL@dl.mgd.novartis.com, Lalit.Bhalla@novartis.com, aquil.mohammed_ext@novartis.com", "SUBJECT_AREA": "Alignment / Customer / Customer Master/ Customer Universe / Geography / Interaction / Product / Roster / Sales", "USE_CASE": "GLASSBOX", "WAREHOUSE_NAME": "COM_LACAN_DI_WH_SM", "DOMAIN": "IM US"},{"APP_ID": "46074", "APP_NAME": "IM DNA Brazil Project", "COST_CENTER": "46074", "DESCRIPTION": "Used by Glassbox roles", "LAYER": "PUBLISH", "OWNER": "gb_ops_axtria_org_gbl@dl.mgd.novartis.com, CTS_GLASSBOX_PLATFORM_OPS_PRJ_GBL_GBL@dl.mgd.novartis.com, Lalit.Bhalla@novartis.com, aquil.mohammed_ext@novartis.com", "SUBJECT_AREA": "Alignment / Customer / Customer Master/ Customer Universe / Geography / Interaction / Product / Roster / Sales", "USE_CASE": "GLASSBOX", "WAREHOUSE_NAME": "COM_LACAN_DI_WH_XS", "DOMAIN": "IM US"},{"APP_ID": "46074", "APP_NAME": "IM DNA Brazil Project", "COST_CENTER": "46074", "DESCRIPTION": "Used by Glassbox roles", "LAYER": "PUBLISH", "OWNER": "gb_ops_axtria_org_gbl@dl.mgd.novartis.com, CTS_GLASSBOX_PLATFORM_OPS_PRJ_GBL_GBL@dl.mgd.novartis.com, Lalit.Bhalla@novartis.com, aquil.mohammed_ext@novartis.com", "SUBJECT_AREA": "Alignment / Customer / Customer Master/ Customer Universe / Geography / Interaction / Product / Roster / Sales", "USE_CASE": "GLASSBOX", "WAREHOUSE_NAME": "COM_LACAN_DP_WH_MD", "DOMAIN": "IM US"},{"APP_ID": "46074", "APP_NAME": "IM DNA Brazil Project", "COST_CENTER": "46074", "DESCRIPTION": "Used by Glassbox roles", "LAYER": "PUBLISH", "OWNER": "gb_ops_axtria_org_gbl@dl.mgd.novartis.com, CTS_GLASSBOX_PLATFORM_OPS_PRJ_GBL_GBL@dl.mgd.novartis.com, Lalit.Bhalla@novartis.com, aquil.mohammed_ext@novartis.com", "SUBJECT_AREA": "Alignment / Customer / Customer Master/ Customer Universe / Geography / Interaction / Product / Roster / Sales", "USE_CASE": "GLASSBOX", "WAREHOUSE_NAME": "COM_LACAN_DP_WH_SM", "DOMAIN": "IM US"},{"APP_ID": "46074", "APP_NAME": "IM DNA Brazil Project", "COST_CENTER": "46074", "DESCRIPTION": "Used by Glassbox roles", "LAYER": "PUBLISH", "OWNER": "gb_ops_axtria_org_gbl@dl.mgd.novartis.com, CTS_GLASSBOX_PLATFORM_OPS_PRJ_GBL_GBL@dl.mgd.novartis.com, Lalit.Bhalla@novartis.com, aquil.mohammed_ext@novartis.com", "SUBJECT_AREA": "Alignment / Customer / Customer Master/ Customer Universe / Geography / Interaction / Product / Roster / Sales", "USE_CASE": "GLASSBOX", "WAREHOUSE_NAME": "COM_LACAN_DP_WH_XS", "DOMAIN": "IM US"},{"APP_ID": "46074", "APP_NAME": "IM DNA Brazil Project", "COST_CENTER": "46074", "DESCRIPTION": "Used by Glassbox roles", "LAYER": "PUBLISH", "OWNER": "gb_ops_axtria_org_gbl@dl.mgd.novartis.com, CTS_GLASSBOX_PLATFORM_OPS_PRJ_GBL_GBL@dl.mgd.novartis.com, Lalit.Bhalla@novartis.com, aquil.mohammed_ext@novartis.com", "SUBJECT_AREA": "Alignment / Customer / Customer Master/ Customer Universe / Geography / Interaction / Product / Roster / Sales", "USE_CASE": "GLASSBOX", "WAREHOUSE_NAME": "COM_LACAN_DQ_WH_MD", "DOMAIN": "IM US"},{"APP_ID": "46074", "APP_NAME": "IM DNA Brazil Project", "COST_CENTER": "46074", "DESCRIPTION": "Used by Glassbox roles", "LAYER": "PUBLISH", "OWNER": "gb_ops_axtria_org_gbl@dl.mgd.novartis.com, CTS_GLASSBOX_PLATFORM_OPS_PRJ_GBL_GBL@dl.mgd.novartis.com, Lalit.Bhalla@novartis.com, aquil.mohammed_ext@novartis.com", "SUBJECT_AREA": "Alignment / Customer / Customer Master/ Customer Universe / Geography / Interaction / Product / Roster / Sales", "USE_CASE": "GLASSBOX", "WAREHOUSE_NAME": "COM_LACAN_DQ_WH_SM", "DOMAIN": "IM US"},{"APP_ID": "46074", "APP_NAME": "IM DNA Brazil Project", "COST_CENTER": "46074", "DESCRIPTION": "Used by Glassbox roles", "LAYER": "PUBLISH", "OWNER": "gb_ops_axtria_org_gbl@dl.mgd.novartis.com, CTS_GLASSBOX_PLATFORM_OPS_PRJ_GBL_GBL@dl.mgd.novartis.com, Lalit.Bhalla@novartis.com, aquil.mohammed_ext@novartis.com", "SUBJECT_AREA": "Alignment / Customer / Customer Master/ Customer Universe / Geography / Interaction / Product / Roster / Sales", "USE_CASE": "GLASSBOX", "WAREHOUSE_NAME": "COM_LACAN_DQ_WH_XS", "DOMAIN": "IM US"},{"APP_ID": "46074", "APP_NAME": "GLASSBOX", "COST_CENTER": "46074", "DESCRIPTION": "Used by Glassbox roles", "LAYER": "PUBLISH", "OWNER": "gb_ops_axtria_org_gbl@dl.mgd.novartis.com, CTS_GLASSBOX_PLATFORM_OPS_PRJ_GBL_GBL@dl.mgd.novartis.com, Lalit.Bhalla@novartis.com", "SUBJECT_AREA": "Alignment / Customer / Customer Master/ Customer Universe / Geography / Interaction / Product / Roster / Sales", "USE_CASE": "GLASSBOX", "WAREHOUSE_NAME": "COM_USODS_DI_WH1", "DOMAIN": "IM US"},{"APP_ID": "46074", "APP_NAME": "GLASSBOX", "COST_CENTER": "46074", "DESCRIPTION": "Used by Glassbox roles", "LAYER": "PUBLISH", "OWNER": "gb_ops_axtria_org_gbl@dl.mgd.novartis.com, CTS_GLASSBOX_PLATFORM_OPS_PRJ_GBL_GBL@dl.mgd.novartis.com, Lalit.Bhalla@novartis.com", "SUBJECT_AREA": "Alignment / Customer / Customer Master/ Customer Universe / Geography / Interaction / Product / Roster / Sales", "USE_CASE": "GLASSBOX", "WAREHOUSE_NAME": "COM_USODS_DI_WH_MD", "DOMAIN": "IM US"},{"APP_ID": "46074", "APP_NAME": "GLASSBOX", "COST_CENTER": "46074", "DESCRIPTION": "Used by Glassbox roles", "LAYER": "PUBLISH", "OWNER": "gb_ops_axtria_org_gbl@dl.mgd.novartis.com, CTS_GLASSBOX_PLATFORM_OPS_PRJ_GBL_GBL@dl.mgd.novartis.com, Lalit.Bhalla@novartis.com", "SUBJECT_AREA": "Alignment / Customer / Customer Master/ Customer Universe / Geography / Interaction / Product / Roster / Sales", "USE_CASE": "GLASSBOX", "WAREHOUSE_NAME": "COM_USODS_DI_WH_SM", "DOMAIN": "IM US"},{"APP_ID": "46074", "APP_NAME": "GLASSBOX", "COST_CENTER": "46074", "DESCRIPTION": "Used by Glassbox roles", "LAYER": "PUBLISH", "OWNER": "gb_ops_axtria_org_gbl@dl.mgd.novartis.com, CTS_GLASSBOX_PLATFORM_OPS_PRJ_GBL_GBL@dl.mgd.novartis.com, Lalit.Bhalla@novartis.com", "SUBJECT_AREA": "Alignment / Customer / Customer Master/ Customer Universe / Geography / Interaction / Product / Roster / Sales", "USE_CASE": "GLASSBOX", "WAREHOUSE_NAME": "COM_USODS_DQ_WH1", "DOMAIN": "IM US"},{"APP_ID": "46074", "APP_NAME": "GLASSBOX", "COST_CENTER": "46074", "DESCRIPTION": "Used by Glassbox roles", "LAYER": "PUBLISH", "OWNER": "gb_ops_axtria_org_gbl@dl.mgd.novartis.com, CTS_GLASSBOX_PLATFORM_OPS_PRJ_GBL_GBL@dl.mgd.novartis.com, Lalit.Bhalla@novartis.com", "SUBJECT_AREA": "Alignment / Customer / Customer Master/ Customer Universe / Geography / Interaction / Product / Roster / Sales", "USE_CASE": "GLASSBOX", "WAREHOUSE_NAME": "COM_USODS_DQ_WH_MD", "DOMAIN": "IM US"},{"APP_ID": "46074", "APP_NAME": "GLASSBOX", "COST_CENTER": "46074", "DESCRIPTION": "Used by Glassbox roles", "LAYER": "PUBLISH", "OWNER": "gb_ops_axtria_org_gbl@dl.mgd.novartis.com, CTS_GLASSBOX_PLATFORM_OPS_PRJ_GBL_GBL@dl.mgd.novartis.com, Lalit.Bhalla@novartis.com", "SUBJECT_AREA": "Alignment / Customer / Customer Master/ Customer Universe / Geography / Interaction / Product / Roster / Sales", "USE_CASE": "GLASSBOX", "WAREHOUSE_NAME": "COM_USODS_DQ_WH_SM", "DOMAIN": "IM US"},{"APP_ID": "45879", "APP_NAME": "F1_ANALYTICS", "COST_CENTER": "45879", "DESCRIPTION": "Warehouse used from SF to SPLUNK and Admin work", "LAYER": "CONSOLIDATED", "OWNER": "rahul.venugopal_ext@novartis.com", "SUBJECT_AREA": "F1_PLATFORM", "USE_CASE": "F1_PLATFORM", "WAREHOUSE_NAME": "COM_US_ADMIN_WH", "DOMAIN": "APD-DNP"},{"APP_ID": "NA", "APP_NAME": "GBX Application team", "COST_CENTER": "NA", "DESCRIPTION": "Large VWH for GBX App team", "LAYER": "NA", "OWNER": "GB_APP_CTS_ORG_GBL_GBL@dl.mgd.novartis.com", "SUBJECT_AREA": "NA", "USE_CASE": "COM_US_APP_ADMIN", "WAREHOUSE_NAME": "COM_US_APP_ADMIN_WH_L", "DOMAIN": "IM US"},{"APP_ID": "46074", "APP_NAME": "AWB", "COST_CENTER": "46074", "DESCRIPTION": "null", "LAYER": "PUBLISH", "OWNER": "tachuan_robert.chen@novartis.com, nagarjuna.itte@novartis.com, jalpeshkumar.chavda@novartis.com, CTS_GLASSBOX_PLATFORM_OPS_PRJ_GBL_GBL@dl.mgd.novartis.com, GB_APP_CTS_ORG_GBL_GBL@dl.mgd.novartis.com", "SUBJECT_AREA": "Alignment / Customer / Customer Master/ Customer Universe / Geography / Interaction / Product / Roster / Sales", "USE_CASE": "GLASSBOX", "WAREHOUSE_NAME": "COM_US_IMDNA_AWB_WH_2XL", "DOMAIN": "IM US"},{"APP_ID": "46074", "APP_NAME": "AWB", "COST_CENTER": "46074", "DESCRIPTION": "null", "LAYER": "PUBLISH", "OWNER": "tachuan_robert.chen@novartis.com, nagarjuna.itte@novartis.com, jalpeshkumar.chavda@novartis.com, CTS_GLASSBOX_PLATFORM_OPS_PRJ_GBL_GBL@dl.mgd.novartis.com, GB_APP_CTS_ORG_GBL_GBL@dl.mgd.novartis.com", "SUBJECT_AREA": "Alignment / Customer / Customer Master/ Customer Universe / Geography / Interaction / Product / Roster / Sales", "USE_CASE": "GLASSBOX", "WAREHOUSE_NAME": "COM_US_IMDNA_AWB_WH_3XL", "DOMAIN": "IM US"},{"APP_ID": "46074", "APP_NAME": "AWB", "COST_CENTER": "46074", "DESCRIPTION": "WH created by user: CLARKCHK@NOVARTIS.NET, on account: NVS2DEVEAST1, dated: Wed Feb 14 2024 15:53:37 GMT-0500 (Eastern Standard Time).", "LAYER": "PUBLISH", "OWNER": "tachuan_robert.chen@novartis.com, nagarjuna.itte@novartis.com, jalpeshkumar.chavda@novartis.com, CTS_GLASSBOX_PLATFORM_OPS_PRJ_GBL_GBL@dl.mgd.novartis.com, GB_APP_CTS_ORG_GBL_GBL@dl.mgd.novartis.com", "SUBJECT_AREA": "Alignment / Customer / Customer Master/ Customer Universe / Geography / Interaction / Product / Roster / Sales", "USE_CASE": "GLASSBOX", "WAREHOUSE_NAME": "COM_US_IMDNA_AWB_WH_L", "DOMAIN": "IM US"},{"APP_ID": "46074", "APP_NAME": "AWB", "COST_CENTER": "46074", "DESCRIPTION": "WH created by user: CLARKCHK@NOVARTIS.NET, on account: NVS4PRDEAST1, dated: Thu Feb 22 2024 15:02:02 GMT-0500 (Eastern Standard Time).", "LAYER": "PUBLISH", "OWNER": "tachuan_robert.chen@novartis.com, nagarjuna.itte@novartis.com, jalpeshkumar.chavda@novartis.com, CTS_GLASSBOX_PLATFORM_OPS_PRJ_GBL_GBL@dl.mgd.novartis.com, GB_APP_CTS_ORG_GBL_GBL@dl.mgd.novartis.com", "SUBJECT_AREA": "Alignment / Customer / Customer Master/ Customer Universe / Geography / Interaction / Product / Roster / Sales", "USE_CASE": "GLASSBOX", "WAREHOUSE_NAME": "COM_US_IMDNA_AWB_WH_M", "DOMAIN": "IM US"},{"APP_ID": "46074", "APP_NAME": "AWB", "COST_CENTER": "46074", "DESCRIPTION": "WH created by user: CLARKCHK@NOVARTIS.NET, on account: NVS2DEVEAST1, dated: Wed Feb 14 2024 15:52:55 GMT-0500 (Eastern Standard Time).", "LAYER": "PUBLISH", "OWNER": "tachuan_robert.chen@novartis.com, nagarjuna.itte@novartis.com, jalpeshkumar.chavda@novartis.com, CTS_GLASSBOX_PLATFORM_OPS_PRJ_GBL_GBL@dl.mgd.novartis.com, GB_APP_CTS_ORG_GBL_GBL@dl.mgd.novartis.com", "SUBJECT_AREA": "Alignment / Customer / Customer Master/ Customer Universe / Geography / Interaction / Product / Roster / Sales", "USE_CASE": "GLASSBOX", "WAREHOUSE_NAME": "COM_US_IMDNA_AWB_WH_S", "DOMAIN": "IM US"},{"APP_ID": "46074", "APP_NAME": "AWB", "COST_CENTER": "46074", "DESCRIPTION": "null", "LAYER": "PUBLISH", "OWNER": "tachuan_robert.chen@novartis.com, nagarjuna.itte@novartis.com, jalpeshkumar.chavda@novartis.com, CTS_GLASSBOX_PLATFORM_OPS_PRJ_GBL_GBL@dl.mgd.novartis.com, GB_APP_CTS_ORG_GBL_GBL@dl.mgd.novartis.com", "SUBJECT_AREA": "Alignment / Customer / Customer Master/ Customer Universe / Geography / Interaction / Product / Roster / Sales", "USE_CASE": "GLASSBOX", "WAREHOUSE_NAME": "COM_US_IMDNA_AWB_WH_XL", "DOMAIN": "IM US"},{"APP_ID": "46074", "APP_NAME": "GLASSBOX", "COST_CENTER": "46074", "DESCRIPTION": "Default warehouse for the users onboarded via Immuta", "LAYER": "NA", "OWNER": "gb_ops_axtria_org_gbl@dl.mgd.novartis.com, CTS_GLASSBOX_PLATFORM_OPS_PRJ_GBL_GBL@dl.mgd.novartis.com, Lalit.Bhalla@novartis.com", "SUBJECT_AREA": "Alignment / Customer / Customer Master/ Customer Universe / Geography / Interaction / Product / Roster / Sales", "USE_CASE": "GLASSBOX", "WAREHOUSE_NAME": "COM_US_IMDNA_IMMUTA_DEFAULT_WH_S", "DOMAIN": "IM US"},{"APP_ID": "40495", "APP_NAME": "IM_DNA", "COST_CENTER": "40495", "DESCRIPTION": "WH created by user: CLARKCHK@NOVARTIS.NET, on account: NVS4PRDEAST1, dated: Tue Sep 19 2023 10:54:42 GMT-0400 (Eastern Daylight Time).", "LAYER": "PRESENTATION", "OWNER": "gb_ops_axtria_org_gbl@dl.mgd.novartis.com, CTS_GLASSBOX_PLATFORM_OPS_PRJ_GBL_GBL@dl.mgd.novartis.com, Lalit.Bhalla@novartis.com", "SUBJECT_AREA": "IM_DNA", "USE_CASE": "IM_DNA", "WAREHOUSE_NAME": "COM_US_IM_DNA_SM", "DOMAIN": "IM US"},{"APP_ID": "44711", "APP_NAME": "DROID", "COST_CENTER": "44711", "DESCRIPTION": "Used by DROID roles", "LAYER": "NA", "OWNER": "ganapathy.gopalan@novartis.com, CTS_GLASSBOX_PLATFORM_OPS_PRJ_GBL_GBL@dl.mgd.novartis.com", "SUBJECT_AREA": "Customer / Activity / Rebates / Digital \u2013 HCP Targeted / Digital \u2013 Broad Medial / Finance / APLD / Demand", "USE_CASE": "DROID", "WAREHOUSE_NAME": "COM_US_ONC_DROID_AWB_WH_SM", "DOMAIN": "IM US"},{"APP_ID": "44711", "APP_NAME": "DROID", "COST_CENTER": "44711", "DESCRIPTION": "Used by DROID roles", "LAYER": "NA", "OWNER": "ganapathy.gopalan@novartis.com, CTS_GLASSBOX_PLATFORM_OPS_PRJ_GBL_GBL@dl.mgd.novartis.com", "SUBJECT_AREA": "Customer / Activity / Rebates / Digital \u2013 HCP Targeted / Digital \u2013 Broad Medial / Finance / APLD / Demand", "USE_CASE": "DROID", "WAREHOUSE_NAME": "COM_US_ONC_DROID_CON_WH1", "DOMAIN": "IM US"},{"APP_ID": "44711", "APP_NAME": "DROID", "COST_CENTER": "44711", "DESCRIPTION": "Used by DROID roles", "LAYER": "NA", "OWNER": "ganapathy.gopalan@novartis.com, CTS_GLASSBOX_PLATFORM_OPS_PRJ_GBL_GBL@dl.mgd.novartis.com", "SUBJECT_AREA": "Customer / Activity / Rebates / Digital \u2013 HCP Targeted / Digital \u2013 Broad Medial / Finance / APLD / Demand", "USE_CASE": "DROID", "WAREHOUSE_NAME": "COM_US_ONC_DROID_CON_WH2", "DOMAIN": "IM US"},{"APP_ID": "44711", "APP_NAME": "DROID", "COST_CENTER": "44711", "DESCRIPTION": "Used by DROID roles", "LAYER": "NA", "OWNER": "ganapathy.gopalan@novartis.com, CTS_GLASSBOX_PLATFORM_OPS_PRJ_GBL_GBL@dl.mgd.novartis.com", "SUBJECT_AREA": "Customer / Activity / Rebates / Digital \u2013 HCP Targeted / Digital \u2013 Broad Medial / Finance / APLD / Demand", "USE_CASE": "DROID", "WAREHOUSE_NAME": "COM_US_ONC_DROID_DI_WH1", "DOMAIN": "IM US"},{"APP_ID": "44711", "APP_NAME": "DROID", "COST_CENTER": "44711", "DESCRIPTION": "Used by DROID roles", "LAYER": "NA", "OWNER": "ganapathy.gopalan@novartis.com, CTS_GLASSBOX_PLATFORM_OPS_PRJ_GBL_GBL@dl.mgd.novartis.com", "SUBJECT_AREA": "Customer / Activity / Rebates / Digital \u2013 HCP Targeted / Digital \u2013 Broad Medial / Finance / APLD / Demand", "USE_CASE": "DROID", "WAREHOUSE_NAME": "COM_US_ONC_DROID_DI_WH2", "DOMAIN": "IM US"},{"APP_ID": "44711", "APP_NAME": "DROID", "COST_CENTER": "44711", "DESCRIPTION": "Used by DROID roles", "LAYER": "NA", "OWNER": "ganapathy.gopalan@novartis.com, CTS_GLASSBOX_PLATFORM_OPS_PRJ_GBL_GBL@dl.mgd.novartis.com", "SUBJECT_AREA": "Customer / Activity / Rebates / Digital \u2013 HCP Targeted / Digital \u2013 Broad Medial / Finance / APLD / Demand", "USE_CASE": "DROID", "WAREHOUSE_NAME": "COM_US_ONC_DROID_DP_WH1", "DOMAIN": "IM US"},{"APP_ID": "44711", "APP_NAME": "DROID", "COST_CENTER": "44711", "DESCRIPTION": "Used by DROID roles", "LAYER": "NA", "OWNER": "ganapathy.gopalan@novartis.com, CTS_GLASSBOX_PLATFORM_OPS_PRJ_GBL_GBL@dl.mgd.novartis.com", "SUBJECT_AREA": "Customer / Activity / Rebates / Digital \u2013 HCP Targeted / Digital \u2013 Broad Medial / Finance / APLD / Demand", "USE_CASE": "DROID", "WAREHOUSE_NAME": "COM_US_ONC_DROID_DQ_WH1", "DOMAIN": "IM US"},{"APP_ID": "44711", "APP_NAME": "DROID", "COST_CENTER": "44711", "DESCRIPTION": "Used by DROID roles", "LAYER": "NA", "OWNER": "ganapathy.gopalan@novartis.com, CTS_GLASSBOX_PLATFORM_OPS_PRJ_GBL_GBL@dl.mgd.novartis.com", "SUBJECT_AREA": "Customer / Activity / Rebates / Digital \u2013 HCP Targeted / Digital \u2013 Broad Medial / Finance / APLD / Demand", "USE_CASE": "DROID", "WAREHOUSE_NAME": "COM_US_ONC_DROID_IP_WH1", "DOMAIN": "IM US"},{"APP_ID": "44711", "APP_NAME": "DROID", "COST_CENTER": "44711", "DESCRIPTION": "Used by DROID roles", "LAYER": "NA", "OWNER": "ganapathy.gopalan@novartis.com, CTS_GLASSBOX_PLATFORM_OPS_PRJ_GBL_GBL@dl.mgd.novartis.com", "SUBJECT_AREA": "Customer / Activity / Rebates / Digital \u2013 HCP Targeted / Digital \u2013 Broad Medial / Finance / APLD / Demand", "USE_CASE": "DROID", "WAREHOUSE_NAME": "COM_US_ONC_DROID_LAB_DSS_WH1", "DOMAIN": "IM US"},{"APP_ID": "44711", "APP_NAME": "DROID", "COST_CENTER": "44711", "DESCRIPTION": "Used by DROID roles", "LAYER": "NA", "OWNER": "ganapathy.gopalan@novartis.com, CTS_GLASSBOX_PLATFORM_OPS_PRJ_GBL_GBL@dl.mgd.novartis.com", "SUBJECT_AREA": "Customer / Activity / Rebates / Digital \u2013 HCP Targeted / Digital \u2013 Broad Medial / Finance / APLD / Demand", "USE_CASE": "DROID", "WAREHOUSE_NAME": "COM_US_ONC_DROID_LAB_EHR_WH1", "DOMAIN": "IM US"},{"APP_ID": "44711", "APP_NAME": "DROID", "COST_CENTER": "44711", "DESCRIPTION": "Used by DROID roles", "LAYER": "NA", "OWNER": "ganapathy.gopalan@novartis.com, CTS_GLASSBOX_PLATFORM_OPS_PRJ_GBL_GBL@dl.mgd.novartis.com", "SUBJECT_AREA": "Customer / Activity / Rebates / Digital \u2013 HCP Targeted / Digital \u2013 Broad Medial / Finance / APLD / Demand", "USE_CASE": "DROID", "WAREHOUSE_NAME": "COM_US_ONC_DROID_LAB_MED_WH1", "DOMAIN": "IM US"},{"APP_ID": "44711", "APP_NAME": "DROID", "COST_CENTER": "44711", "DESCRIPTION": "Used by DROID roles", "LAYER": "NA", "OWNER": "ganapathy.gopalan@novartis.com, CTS_GLASSBOX_PLATFORM_OPS_PRJ_GBL_GBL@dl.mgd.novartis.com", "SUBJECT_AREA": "Customer / Activity / Rebates / Digital \u2013 HCP Targeted / Digital \u2013 Broad Medial / Finance / APLD / Demand", "USE_CASE": "DROID", "WAREHOUSE_NAME": "COM_US_ONC_DROID_LAB_ST_WH1", "DOMAIN": "IM US"},{"APP_ID": "44711", "APP_NAME": "DROID", "COST_CENTER": "44711", "DESCRIPTION": "Used by DROID roles", "LAYER": "NA", "OWNER": "ganapathy.gopalan@novartis.com, CTS_GLASSBOX_PLATFORM_OPS_PRJ_GBL_GBL@dl.mgd.novartis.com", "SUBJECT_AREA": "Customer / Activity / Rebates / Digital \u2013 HCP Targeted / Digital \u2013 Broad Medial / Finance / APLD / Demand", "USE_CASE": "DROID", "WAREHOUSE_NAME": "COM_US_ONC_DROID_LAB_TARGETS_WH1", "DOMAIN": "IM US"},{"APP_ID": "44711", "APP_NAME": "DROID", "COST_CENTER": "44711", "DESCRIPTION": "Used by DROID roles", "LAYER": "NA", "OWNER": "ganapathy.gopalan@novartis.com, CTS_GLASSBOX_PLATFORM_OPS_PRJ_GBL_GBL@dl.mgd.novartis.com", "SUBJECT_AREA": "Customer / Activity / Rebates / Digital \u2013 HCP Targeted / Digital \u2013 Broad Medial / Finance / APLD / Demand", "USE_CASE": "DROID", "WAREHOUSE_NAME": "COM_US_ONC_DROID_LAB_VAA_WH1", "DOMAIN": "IM US"},{"APP_ID": "44711", "APP_NAME": "DROID", "COST_CENTER": "44711", "DESCRIPTION": "Used by DROID roles", "LAYER": "NA", "OWNER": "ganapathy.gopalan@novartis.com, CTS_GLASSBOX_PLATFORM_OPS_PRJ_GBL_GBL@dl.mgd.novartis.com", "SUBJECT_AREA": "Customer / Activity / Rebates / Digital \u2013 HCP Targeted / Digital \u2013 Broad Medial / Finance / APLD / Demand", "USE_CASE": "DROID", "WAREHOUSE_NAME": "COM_US_ONC_DROID_POC_WH1", "DOMAIN": "IM US"},{"APP_ID": "44711", "APP_NAME": "FIDO", "COST_CENTER": "44711", "DESCRIPTION": "Used by FIDO roles", "LAYER": "NA", "OWNER": "ganapathy.gopalan@novartis.com, CTS_GLASSBOX_PLATFORM_OPS_PRJ_GBL_GBL@dl.mgd.novartis.com", "SUBJECT_AREA": "Customer / Activity / Rebates / Digital \u2013 HCP Targeted / Digital \u2013 Broad Medial / Finance / APLD / Demand", "USE_CASE": "DROID", "WAREHOUSE_NAME": "COM_US_ONC_FIDO_CON_WH1", "DOMAIN": "IM US"},{"APP_ID": "44711", "APP_NAME": "FIDO", "COST_CENTER": "44711", "DESCRIPTION": "Used by FIDO roles", "LAYER": "NA", "OWNER": "ganapathy.gopalan@novartis.com, CTS_GLASSBOX_PLATFORM_OPS_PRJ_GBL_GBL@dl.mgd.novartis.com", "SUBJECT_AREA": "Customer / Activity / Rebates / Digital \u2013 HCP Targeted / Digital \u2013 Broad Medial / Finance / APLD / Demand", "USE_CASE": "DROID", "WAREHOUSE_NAME": "COM_US_ONC_FIDO_DI_WH1", "DOMAIN": "IM US"},{"APP_ID": "44711", "APP_NAME": "FIDO", "COST_CENTER": "44711", "DESCRIPTION": "Used by FIDO roles", "LAYER": "NA", "OWNER": "ganapathy.gopalan@novartis.com, CTS_GLASSBOX_PLATFORM_OPS_PRJ_GBL_GBL@dl.mgd.novartis.com", "SUBJECT_AREA": "Customer / Activity / Rebates / Digital \u2013 HCP Targeted / Digital \u2013 Broad Medial / Finance / APLD / Demand", "USE_CASE": "DROID", "WAREHOUSE_NAME": "COM_US_ONC_FIDO_DI_WH2", "DOMAIN": "IM US"},{"APP_ID": "46074", "APP_NAME": "GLASSBOX", "COST_CENTER": "46074", "DESCRIPTION": "Used for all Glassbox roles", "LAYER": "NA", "OWNER": "gb_ops_axtria_org_gbl@dl.mgd.novartis.com, CTS_GLASSBOX_PLATFORM_OPS_PRJ_GBL_GBL@dl.mgd.novartis.com, Lalit.Bhalla@novartis.com", "SUBJECT_AREA": "Alignment / Customer / Customer Master/ Customer Universe / Geography / Interaction / Product / Roster / Sales", "USE_CASE": "GLASSBOX", "WAREHOUSE_NAME": "COM_US_OPS_ADMIN_SM", "DOMAIN": "IM US"},{"APP_ID": "46074", "APP_NAME": "AWB", "COST_CENTER": "46074", "DESCRIPTION": "New Lab warehouses", "LAYER": "PUBLISH", "OWNER": "tachuan_robert.chen@novartis.com, nagarjuna.itte@novartis.com, jalpeshkumar.chavda@novartis.com,CTS_GLASSBOX_PLATFORM_OPS_PRJ_GBL_GBL@dl.mgd.novartis.com", "SUBJECT_AREA": "Alignment / Customer / Customer Master/ Customer Universe / Geography / Interaction / Product / Roster / Sales", "USE_CASE": "GLASSBOX", "WAREHOUSE_NAME": "COM_US_PHARMA_AWB_WH_2X", "DOMAIN": "IM US"},{"APP_ID": "46074", "APP_NAME": "AWB", "COST_CENTER": "46074", "DESCRIPTION": "WH created by user: CLARKCHK@NOVARTIS.NET, on account: NVS4PRDEAST1, dated: Mon Apr 24 2023 09:48:02 GMT-0400 (Eastern Daylight Time).", "LAYER": "PUBLISH", "OWNER": "tachuan_robert.chen@novartis.com, nagarjuna.itte@novartis.com, jalpeshkumar.chavda@novartis.com", "SUBJECT_AREA": "Alignment / Customer / Customer Master/ Customer Universe / Geography / Interaction / Product / Roster / Sales", "USE_CASE": "GLASSBOX", "WAREHOUSE_NAME": "COM_US_PHARMA_AWB_WH_2XL", "DOMAIN": "IM US"},{"APP_ID": "46074", "APP_NAME": "AWB", "COST_CENTER": "46074", "DESCRIPTION": "New Lab warehouses", "LAYER": "PUBLISH", "OWNER": "tachuan_robert.chen@novartis.com, nagarjuna.itte@novartis.com, jalpeshkumar.chavda@novartis.com,CTS_GLASSBOX_PLATFORM_OPS_PRJ_GBL_GBL@dl.mgd.novartis.com", "SUBJECT_AREA": "Alignment / Customer / Customer Master/ Customer Universe / Geography / Interaction / Product / Roster / Sales", "USE_CASE": "GLASSBOX", "WAREHOUSE_NAME": "COM_US_PHARMA_AWB_WH_3X", "DOMAIN": "IM US"},{"APP_ID": "46074", "APP_NAME": "AWB", "COST_CENTER": "46074", "DESCRIPTION": "New Lab warehouses", "LAYER": "PUBLISH", "OWNER": "tachuan_robert.chen@novartis.com, nagarjuna.itte@novartis.com, jalpeshkumar.chavda@novartis.com,CTS_GLASSBOX_PLATFORM_OPS_PRJ_GBL_GBL@dl.mgd.novartis.com", "SUBJECT_AREA": "Alignment / Customer / Customer Master/ Customer Universe / Geography / Interaction / Product / Roster / Sales", "USE_CASE": "GLASSBOX", "WAREHOUSE_NAME": "COM_US_PHARMA_AWB_WH_4X", "DOMAIN": "IM US"},{"APP_ID": "46074", "APP_NAME": "AWB", "COST_CENTER": "46074", "DESCRIPTION": "New Lab warehouses", "LAYER": "PUBLISH", "OWNER": "tachuan_robert.chen@novartis.com, nagarjuna.itte@novartis.com, jalpeshkumar.chavda@novartis.com,CTS_GLASSBOX_PLATFORM_OPS_PRJ_GBL_GBL@dl.mgd.novartis.com", "SUBJECT_AREA": "Alignment / Customer / Customer Master/ Customer Universe / Geography / Interaction / Product / Roster / Sales", "USE_CASE": "GLASSBOX", "WAREHOUSE_NAME": "COM_US_PHARMA_AWB_WH_LG", "DOMAIN": "IM US"},{"APP_ID": "46074", "APP_NAME": "AWB", "COST_CENTER": "46074", "DESCRIPTION": "New Lab warehouses", "LAYER": "PUBLISH", "OWNER": "tachuan_robert.chen@novartis.com, nagarjuna.itte@novartis.com, jalpeshkumar.chavda@novartis.com,CTS_GLASSBOX_PLATFORM_OPS_PRJ_GBL_GBL@dl.mgd.novartis.com", "SUBJECT_AREA": "Alignment / Customer / Customer Master/ Customer Universe / Geography / Interaction / Product / Roster / Sales", "USE_CASE": "GLASSBOX", "WAREHOUSE_NAME": "COM_US_PHARMA_AWB_WH_M", "DOMAIN": "IM US"},{"APP_ID": "46074", "APP_NAME": "AWB", "COST_CENTER": "46074", "DESCRIPTION": "New Lab warehouses", "LAYER": "PUBLISH", "OWNER": "tachuan_robert.chen@novartis.com, nagarjuna.itte@novartis.com, jalpeshkumar.chavda@novartis.com,CTS_GLASSBOX_PLATFORM_OPS_PRJ_GBL_GBL@dl.mgd.novartis.com", "SUBJECT_AREA": "Alignment / Customer / Customer Master/ Customer Universe / Geography / Interaction / Product / Roster / Sales", "USE_CASE": "GLASSBOX", "WAREHOUSE_NAME": "COM_US_PHARMA_AWB_WH_SM", "DOMAIN": "IM US"},{"APP_ID": "46074", "APP_NAME": "AWB", "COST_CENTER": "46074", "DESCRIPTION": "New Lab warehouses", "LAYER": "PUBLISH", "OWNER": "tachuan_robert.chen@novartis.com, nagarjuna.itte@novartis.com, jalpeshkumar.chavda@novartis.com,CTS_GLASSBOX_PLATFORM_OPS_PRJ_GBL_GBL@dl.mgd.novartis.com", "SUBJECT_AREA": "Alignment / Customer / Customer Master/ Customer Universe / Geography / Interaction / Product / Roster / Sales", "USE_CASE": "GLASSBOX", "WAREHOUSE_NAME": "COM_US_PHARMA_AWB_WH_XL", "DOMAIN": "IM US"},{"APP_ID": "46074", "APP_NAME": "GLASSBOX", "COST_CENTER": "46074", "DESCRIPTION": "Used for all Glassbox roles", "LAYER": "PUBLISH", "OWNER": "gb_ops_axtria_org_gbl@dl.mgd.novartis.com, CTS_GLASSBOX_PLATFORM_OPS_PRJ_GBL_GBL@dl.mgd.novartis.com, Lalit.Bhalla@novartis.com", "SUBJECT_AREA": "Alignment / Customer / Customer Master/ Customer Universe / Geography / Interaction / Product / Roster / Sales", "USE_CASE": "GLASSBOX", "WAREHOUSE_NAME": "COM_US_PHARMA_COMPLIANCE_COMPLIANCE_VIEWS_WH1", "DOMAIN": "IM US"},{"APP_ID": "46074", "APP_NAME": "GLASSBOX", "COST_CENTER": "46074", "DESCRIPTION": "Used for all Glassbox roles", "LAYER": "PUBLISH", "OWNER": "gb_ops_axtria_org_gbl@dl.mgd.novartis.com, CTS_GLASSBOX_PLATFORM_OPS_PRJ_GBL_GBL@dl.mgd.novartis.com, Lalit.Bhalla@novartis.com", "SUBJECT_AREA": "Alignment / Customer / Customer Master/ Customer Universe / Geography / Interaction / Product / Roster / Sales", "USE_CASE": "GLASSBOX", "WAREHOUSE_NAME": "COM_US_PHARMA_CON_WH1", "DOMAIN": "IM US"},{"APP_ID": "46074", "APP_NAME": "GLASSBOX", "COST_CENTER": "46074", "DESCRIPTION": "Used for all Glassbox roles", "LAYER": "PUBLISH", "OWNER": "gb_ops_axtria_org_gbl@dl.mgd.novartis.com, CTS_GLASSBOX_PLATFORM_OPS_PRJ_GBL_GBL@dl.mgd.novartis.com, Lalit.Bhalla@novartis.com", "SUBJECT_AREA": "Alignment / Customer / Customer Master/ Customer Universe / Geography / Interaction / Product / Roster / Sales", "USE_CASE": "GLASSBOX", "WAREHOUSE_NAME": "COM_US_PHARMA_CON_WH2", "DOMAIN": "IM US"},{"APP_ID": "46074", "APP_NAME": "GLASSBOX", "COST_CENTER": "46074", "DESCRIPTION": "Used for all Glassbox roles", "LAYER": "PUBLISH", "OWNER": "gb_ops_axtria_org_gbl@dl.mgd.novartis.com, CTS_GLASSBOX_PLATFORM_OPS_PRJ_GBL_GBL@dl.mgd.novartis.com, Lalit.Bhalla@novartis.com", "SUBJECT_AREA": "Alignment / Customer / Customer Master/ Customer Universe / Geography / Interaction / Product / Roster / Sales", "USE_CASE": "GLASSBOX", "WAREHOUSE_NAME": "COM_US_PHARMA_DI_WH1", "DOMAIN": "IM US"},{"APP_ID": "46074", "APP_NAME": "GLASSBOX", "COST_CENTER": "46074", "DESCRIPTION": "Used for all Glassbox roles", "LAYER": "PUBLISH", "OWNER": "gb_ops_axtria_org_gbl@dl.mgd.novartis.com, CTS_GLASSBOX_PLATFORM_OPS_PRJ_GBL_GBL@dl.mgd.novartis.com, Lalit.Bhalla@novartis.com", "SUBJECT_AREA": "Alignment / Customer / Customer Master/ Customer Universe / Geography / Interaction / Product / Roster / Sales", "USE_CASE": "GLASSBOX", "WAREHOUSE_NAME": "COM_US_PHARMA_DI_WH2", "DOMAIN": "IM US"},{"APP_ID": "46074", "APP_NAME": "GLASSBOX", "COST_CENTER": "46074", "DESCRIPTION": "Used for all Glassbox roles", "LAYER": "PUBLISH", "OWNER": "gb_ops_axtria_org_gbl@dl.mgd.novartis.com, CTS_GLASSBOX_PLATFORM_OPS_PRJ_GBL_GBL@dl.mgd.novartis.com, Lalit.Bhalla@novartis.com", "SUBJECT_AREA": "Alignment / Customer / Customer Master/ Customer Universe / Geography / Interaction / Product / Roster / Sales", "USE_CASE": "GLASSBOX", "WAREHOUSE_NAME": "COM_US_PHARMA_DI_WH_2X", "DOMAIN": "IM US"},{"APP_ID": "46074", "APP_NAME": "GLASSBOX", "COST_CENTER": "46074", "DESCRIPTION": "Used for all Glassbox roles", "LAYER": "PUBLISH", "OWNER": "gb_ops_axtria_org_gbl@dl.mgd.novartis.com, CTS_GLASSBOX_PLATFORM_OPS_PRJ_GBL_GBL@dl.mgd.novartis.com, Lalit.Bhalla@novartis.com", "SUBJECT_AREA": "Alignment / Customer / Customer Master/ Customer Universe / Geography / Interaction / Product / Roster / Sales", "USE_CASE": "GLASSBOX", "WAREHOUSE_NAME": "COM_US_PHARMA_DI_WH_LG", "DOMAIN": "IM US"},{"APP_ID": "46074", "APP_NAME": "GLASSBOX", "COST_CENTER": "46074", "DESCRIPTION": "Used for all Glassbox roles", "LAYER": "PUBLISH", "OWNER": "gb_ops_axtria_org_gbl@dl.mgd.novartis.com, CTS_GLASSBOX_PLATFORM_OPS_PRJ_GBL_GBL@dl.mgd.novartis.com, Lalit.Bhalla@novartis.com", "SUBJECT_AREA": "Alignment / Customer / Customer Master/ Customer Universe / Geography / Interaction / Product / Roster / Sales", "USE_CASE": "GLASSBOX", "WAREHOUSE_NAME": "COM_US_PHARMA_DI_WH_MD", "DOMAIN": "IM US"},{"APP_ID": "46074", "APP_NAME": "GLASSBOX", "COST_CENTER": "46074", "DESCRIPTION": "Used for all Glassbox roles", "LAYER": "PUBLISH", "OWNER": "gb_ops_axtria_org_gbl@dl.mgd.novartis.com, CTS_GLASSBOX_PLATFORM_OPS_PRJ_GBL_GBL@dl.mgd.novartis.com, Lalit.Bhalla@novartis.com", "SUBJECT_AREA": "Alignment / Customer / Customer Master/ Customer Universe / Geography / Interaction / Product / Roster / Sales", "USE_CASE": "GLASSBOX", "WAREHOUSE_NAME": "COM_US_PHARMA_DI_WH_SM", "DOMAIN": "IM US"},{"APP_ID": "46074", "APP_NAME": "GLASSBOX", "COST_CENTER": "46074", "DESCRIPTION": "Used for all Glassbox roles", "LAYER": "PUBLISH", "OWNER": "gb_ops_axtria_org_gbl@dl.mgd.novartis.com, CTS_GLASSBOX_PLATFORM_OPS_PRJ_GBL_GBL@dl.mgd.novartis.com, Lalit.Bhalla@novartis.com", "SUBJECT_AREA": "Alignment / Customer / Customer Master/ Customer Universe / Geography / Interaction / Product / Roster / Sales", "USE_CASE": "GLASSBOX", "WAREHOUSE_NAME": "COM_US_PHARMA_DP_WH1", "DOMAIN": "IM US"},{"APP_ID": "46074", "APP_NAME": "GLASSBOX", "COST_CENTER": "46074", "DESCRIPTION": "Used for all Glassbox roles", "LAYER": "PUBLISH", "OWNER": "gb_ops_axtria_org_gbl@dl.mgd.novartis.com, CTS_GLASSBOX_PLATFORM_OPS_PRJ_GBL_GBL@dl.mgd.novartis.com, Lalit.Bhalla@novartis.com", "SUBJECT_AREA": "Alignment / Customer / Customer Master/ Customer Universe / Geography / Interaction / Product / Roster / Sales", "USE_CASE": "GLASSBOX", "WAREHOUSE_NAME": "COM_US_PHARMA_DP_WH_2X", "DOMAIN": "IM US"},{"APP_ID": "46074", "APP_NAME": "GLASSBOX", "COST_CENTER": "46074", "DESCRIPTION": "Used for all Glassbox roles", "LAYER": "PUBLISH", "OWNER": "gb_ops_axtria_org_gbl@dl.mgd.novartis.com, CTS_GLASSBOX_PLATFORM_OPS_PRJ_GBL_GBL@dl.mgd.novartis.com, Lalit.Bhalla@novartis.com", "SUBJECT_AREA": "Alignment / Customer / Customer Master/ Customer Universe / Geography / Interaction / Product / Roster / Sales", "USE_CASE": "GLASSBOX", "WAREHOUSE_NAME": "COM_US_PHARMA_DP_WH_3X", "DOMAIN": "IM US"},{"APP_ID": "46074", "APP_NAME": "GLASSBOX", "COST_CENTER": "46074", "DESCRIPTION": "Used for all Glassbox roles", "LAYER": "PUBLISH", "OWNER": "gb_ops_axtria_org_gbl@dl.mgd.novartis.com, CTS_GLASSBOX_PLATFORM_OPS_PRJ_GBL_GBL@dl.mgd.novartis.com, Lalit.Bhalla@novartis.com", "SUBJECT_AREA": "Alignment / Customer / Customer Master/ Customer Universe / Geography / Interaction / Product / Roster / Sales", "USE_CASE": "GLASSBOX", "WAREHOUSE_NAME": "COM_US_PHARMA_DP_WH_LG", "DOMAIN": "IM US"},{"APP_ID": "46074", "APP_NAME": "GLASSBOX", "COST_CENTER": "46074", "DESCRIPTION": "Used for all Glassbox roles", "LAYER": "PUBLISH", "OWNER": "gb_ops_axtria_org_gbl@dl.mgd.novartis.com, CTS_GLASSBOX_PLATFORM_OPS_PRJ_GBL_GBL@dl.mgd.novartis.com, Lalit.Bhalla@novartis.com", "SUBJECT_AREA": "Alignment / Customer / Customer Master/ Customer Universe / Geography / Interaction / Product / Roster / Sales", "USE_CASE": "GLASSBOX", "WAREHOUSE_NAME": "COM_US_PHARMA_DP_WH_MD", "DOMAIN": "IM US"},{"APP_ID": "46074", "APP_NAME": "GLASSBOX", "COST_CENTER": "46074", "DESCRIPTION": "Used for all Glassbox roles", "LAYER": "PUBLISH", "OWNER": "gb_ops_axtria_org_gbl@dl.mgd.novartis.com, CTS_GLASSBOX_PLATFORM_OPS_PRJ_GBL_GBL@dl.mgd.novartis.com, Lalit.Bhalla@novartis.com", "SUBJECT_AREA": "Alignment / Customer / Customer Master/ Customer Universe / Geography / Interaction / Product / Roster / Sales", "USE_CASE": "GLASSBOX", "WAREHOUSE_NAME": "COM_US_PHARMA_DP_WH_SM", "DOMAIN": "IM US"},{"APP_ID": "46074", "APP_NAME": "GLASSBOX", "COST_CENTER": "46074", "DESCRIPTION": "Used for all Glassbox roles", "LAYER": "PUBLISH", "OWNER": "gb_ops_axtria_org_gbl@dl.mgd.novartis.com, CTS_GLASSBOX_PLATFORM_OPS_PRJ_GBL_GBL@dl.mgd.novartis.com, Lalit.Bhalla@novartis.com", "SUBJECT_AREA": "Alignment / Customer / Customer Master/ Customer Universe / Geography / Interaction / Product / Roster / Sales", "USE_CASE": "GLASSBOX", "WAREHOUSE_NAME": "COM_US_PHARMA_DQ_WH1", "DOMAIN": "IM US"},{"APP_ID": "46074", "APP_NAME": "GLASSBOX", "COST_CENTER": "46074", "DESCRIPTION": "Used for all Glassbox roles", "LAYER": "PUBLISH", "OWNER": "gb_ops_axtria_org_gbl@dl.mgd.novartis.com, CTS_GLASSBOX_PLATFORM_OPS_PRJ_GBL_GBL@dl.mgd.novartis.com, Lalit.Bhalla@novartis.com", "SUBJECT_AREA": "Alignment / Customer / Customer Master/ Customer Universe / Geography / Interaction / Product / Roster / Sales", "USE_CASE": "GLASSBOX", "WAREHOUSE_NAME": "COM_US_PHARMA_DQ_WH_2X", "DOMAIN": "IM US"},{"APP_ID": "46074", "APP_NAME": "GLASSBOX", "COST_CENTER": "46074", "DESCRIPTION": "Used for all Glassbox roles", "LAYER": "PUBLISH", "OWNER": "gb_ops_axtria_org_gbl@dl.mgd.novartis.com, CTS_GLASSBOX_PLATFORM_OPS_PRJ_GBL_GBL@dl.mgd.novartis.com, Lalit.Bhalla@novartis.com", "SUBJECT_AREA": "Alignment / Customer / Customer Master/ Customer Universe / Geography / Interaction / Product / Roster / Sales", "USE_CASE": "GLASSBOX", "WAREHOUSE_NAME": "COM_US_PHARMA_DQ_WH_LG", "DOMAIN": "IM US"},{"APP_ID": "46074", "APP_NAME": "GLASSBOX", "COST_CENTER": "46074", "DESCRIPTION": "Used for all Glassbox roles", "LAYER": "PUBLISH", "OWNER": "gb_ops_axtria_org_gbl@dl.mgd.novartis.com, CTS_GLASSBOX_PLATFORM_OPS_PRJ_GBL_GBL@dl.mgd.novartis.com, Lalit.Bhalla@novartis.com", "SUBJECT_AREA": "Alignment / Customer / Customer Master/ Customer Universe / Geography / Interaction / Product / Roster / Sales", "USE_CASE": "GLASSBOX", "WAREHOUSE_NAME": "COM_US_PHARMA_DQ_WH_MD", "DOMAIN": "IM US"},{"APP_ID": "46074", "APP_NAME": "GLASSBOX", "COST_CENTER": "46074", "DESCRIPTION": "Used for all Glassbox roles", "LAYER": "PUBLISH", "OWNER": "gb_ops_axtria_org_gbl@dl.mgd.novartis.com, CTS_GLASSBOX_PLATFORM_OPS_PRJ_GBL_GBL@dl.mgd.novartis.com, Lalit.Bhalla@novartis.com", "SUBJECT_AREA": "Alignment / Customer / Customer Master/ Customer Universe / Geography / Interaction / Product / Roster / Sales", "USE_CASE": "GLASSBOX", "WAREHOUSE_NAME": "COM_US_PHARMA_DQ_WH_SM", "DOMAIN": "IM US"},{"APP_ID": "54014", "APP_NAME": "IMICUSTOMER360", "COST_CENTER": "54014", "DESCRIPTION": "Warehouse was created via Jenkins Job ID: 1612 Started by user Vadapalli, Priyanka (Ext), VADAPPR1", "LAYER": "PUBLISH", "OWNER": "ajay.samant@novartis.com, c360app.globalsupport@novartis.com", "SUBJECT_AREA": "IMI_CUSTOMER360", "USE_CASE": "IMICUSTOMER360", "WAREHOUSE_NAME": "COM_US_PHARMA_IMIC360_WH_M", "DOMAIN": "IM I"},{"APP_ID": "46074", "APP_NAME": "GLASSBOX", "COST_CENTER": "46074", "DESCRIPTION": "Used for all Glassbox roles", "LAYER": "PUBLISH", "OWNER": "gb_ops_axtria_org_gbl@dl.mgd.novartis.com, CTS_GLASSBOX_PLATFORM_OPS_PRJ_GBL_GBL@dl.mgd.novartis.com, Lalit.Bhalla@novartis.com", "SUBJECT_AREA": "Alignment / Customer / Customer Master/ Customer Universe / Geography / Interaction / Product / Roster / Sales", "USE_CASE": "GLASSBOX", "WAREHOUSE_NAME": "COM_US_PHARMA_IP_WH1", "DOMAIN": "IM US"},{"APP_ID": "46074", "APP_NAME": "GLASSBOX", "COST_CENTER": "46074", "DESCRIPTION": "As part of publish layer.", "LAYER": "PUBLISH", "OWNER": "gb_ops_axtria_org_gbl@dl.mgd.novartis.com, CTS_GLASSBOX_PLATFORM_OPS_PRJ_GBL_GBL@dl.mgd.novartis.com, Lalit.Bhalla@novartis.com", "SUBJECT_AREA": "Alignment / Customer / Customer Master/ Customer Universe / Geography / Interaction / Product / Roster / Sales", "USE_CASE": "GLASSBOX", "WAREHOUSE_NAME": "COM_US_PHARMA_L360_PUB_WH1", "DOMAIN": "IM US"},{"APP_ID": "46074", "APP_NAME": "GLASSBOX", "COST_CENTER": "46074", "DESCRIPTION": "As part of publish layer.", "LAYER": "PUBLISH", "OWNER": "gb_ops_axtria_org_gbl@dl.mgd.novartis.com, CTS_GLASSBOX_PLATFORM_OPS_PRJ_GBL_GBL@dl.mgd.novartis.com, Lalit.Bhalla@novartis.com", "SUBJECT_AREA": "Alignment / Customer / Customer Master/ Customer Universe / Geography / Interaction / Product / Roster / Sales", "USE_CASE": "GLASSBOX", "WAREHOUSE_NAME": "COM_US_PHARMA_L360_PUB_WH2", "DOMAIN": "IM US"},{"APP_ID": "46074", "APP_NAME": "GLASSBOX", "COST_CENTER": "46074", "DESCRIPTION": "Used for all Glassbox roles", "LAYER": "PUBLISH", "OWNER": "gb_ops_axtria_org_gbl@dl.mgd.novartis.com, CTS_GLASSBOX_PLATFORM_OPS_PRJ_GBL_GBL@dl.mgd.novartis.com, Lalit.Bhalla@novartis.com", "SUBJECT_AREA": "Alignment / Customer / Customer Master/ Customer Universe / Geography / Interaction / Product / Roster / Sales", "USE_CASE": "GLASSBOX", "WAREHOUSE_NAME": "COM_US_PHARMA_NGE_DQ", "DOMAIN": "IM US"},{"APP_ID": "46074", "APP_NAME": "NGE", "COST_CENTER": "091875", "DESCRIPTION": "As part of refinemenet", "LAYER": "REFINEMENT", "OWNER": "arsalan.khan@novartis.com", "SUBJECT_AREA": "NA", "USE_CASE": "Nge/Voyager", "WAREHOUSE_NAME": "COM_US_PHARMA_NGE_WH_SM", "DOMAIN": "IM US"},{"APP_ID": "54208", "APP_NAME": "OMNICHANNELMKTG", "COST_CENTER": "54208", "DESCRIPTION": "Warehouse was created via Jenkins Job ID: 2230 Started by user Biswas, Tirtharaj (Ext), BISWATI1", "LAYER": "PUBLISH", "OWNER": "kartick.kaity_ext@novartis.com", "SUBJECT_AREA": "IRMA_MIGRATION", "USE_CASE": "null", "WAREHOUSE_NAME": "COM_US_PHARMA_OMNICHANNELMKTG_WH_M", "DOMAIN": "IM US"},{"APP_ID": "53048", "APP_NAME": "ONE PSP BI", "COST_CENTER": "53048", "DESCRIPTION": "This warehouse was created via Jenkins Job ID: 708 Started by user B, Kiran Kumar (Ext), BKI2", "LAYER": "PUBLISH", "OWNER": "denis.ali@novartis.com", "SUBJECT_AREA": "PATIENT_ORIENTED_SUPPORT_PROGRAM", "USE_CASE": "ONEPSP", "WAREHOUSE_NAME": "COM_US_PHARMA_ONEPSP_WH_M", "DOMAIN": "IM I"},{"APP_ID": "50325", "APP_NAME": "PRISM", "COST_CENTER": "50325", "DESCRIPTION": "Used by Prism roles", "LAYER": "NA", "OWNER": "aengus.walker_ext@novartis.com", "SUBJECT_AREA": "NA", "USE_CASE": "PRISM", "WAREHOUSE_NAME": "COM_US_PHARMA_PRISM_FF", "DOMAIN": "IM US"},{"APP_ID": "50325", "APP_NAME": "PRISM", "COST_CENTER": "50325", "DESCRIPTION": "Used by Prism roles", "LAYER": "NA", "OWNER": "aengus.walker_ext@novartis.com", "SUBJECT_AREA": "NA", "USE_CASE": "PRISM", "WAREHOUSE_NAME": "COM_US_PHARMA_PRISM_FF_2", "DOMAIN": "IM US"},{"APP_ID": "50325", "APP_NAME": "PRISM", "COST_CENTER": "50325", "DESCRIPTION": "Used by Prism roles", "LAYER": "NA", "OWNER": "aengus.walker_ext@novartis.com", "SUBJECT_AREA": "NA", "USE_CASE": "PRISM", "WAREHOUSE_NAME": "COM_US_PHARMA_PRISM_FF_3", "DOMAIN": "IM US"},{"APP_ID": "46074", "APP_NAME": "GLASSBOX", "COST_CENTER": "46074", "DESCRIPTION": "Used for all Glassbox roles", "LAYER": "PUBLISH", "OWNER": "gb_ops_axtria_org_gbl@dl.mgd.novartis.com, CTS_GLASSBOX_PLATFORM_OPS_PRJ_GBL_GBL@dl.mgd.novartis.com, Lalit.Bhalla@novartis.com", "SUBJECT_AREA": "Alignment / Customer / Customer Master/ Customer Universe / Geography / Interaction / Product / Roster / Sales", "USE_CASE": "GLASSBOX", "WAREHOUSE_NAME": "COM_US_PHARMA_PSS_WH1", "DOMAIN": "IM US"},{"APP_ID": "46074", "APP_NAME": "GLASSBOX", "COST_CENTER": "46074", "DESCRIPTION": "Used for all Glassbox roles", "LAYER": "PUBLISH", "OWNER": "gb_ops_axtria_org_gbl@dl.mgd.novartis.com, CTS_GLASSBOX_PLATFORM_OPS_PRJ_GBL_GBL@dl.mgd.novartis.com, Lalit.Bhalla@novartis.com", "SUBJECT_AREA": "Alignment / Customer / Customer Master/ Customer Universe / Geography / Interaction / Product / Roster / Sales", "USE_CASE": "GLASSBOX", "WAREHOUSE_NAME": "COM_US_PHARMA_RX_4X_WH", "DOMAIN": "IM US"},{"APP_ID": "50325", "APP_NAME": "PRISM", "COST_CENTER": "50325", "DESCRIPTION": "Used by Prism roles", "LAYER": "NA", "OWNER": "aengus.walker_ext@novartis.com", "SUBJECT_AREA": "NA", "USE_CASE": "PRISM", "WAREHOUSE_NAME": "COM_US_PRISM_CON_WH1", "DOMAIN": "IM US"},{"APP_ID": "50325", "APP_NAME": "PRISM", "COST_CENTER": "50325", "DESCRIPTION": "Used by Prism roles", "LAYER": "NA", "OWNER": "aengus.walker_ext@novartis.com", "SUBJECT_AREA": "NA", "USE_CASE": "PRISM", "WAREHOUSE_NAME": "COM_US_PRISM_DI_WH1", "DOMAIN": "IM US"},{"APP_ID": "50325", "APP_NAME": "PRISM", "COST_CENTER": "50325", "DESCRIPTION": "Used by Prism roles", "LAYER": "NA", "OWNER": "aengus.walker_ext@novartis.com", "SUBJECT_AREA": "NA", "USE_CASE": "PRISM", "WAREHOUSE_NAME": "COM_US_PRISM_DI_WH2", "DOMAIN": "IM US"},{"APP_ID": "App_ID", "APP_NAME": "PRISM", "COST_CENTER": "Cost_Center", "DESCRIPTION": "WH created by user: CLARKCHK@NOVARTIS.NET, on account: NVS4PRDEAST1, dated: Wed Jul 19 2023 08:24:50 GMT-0400 (Eastern Daylight Time).", "LAYER": "Layer", "OWNER": "christopher_m.clark_ext@novartis.com", "SUBJECT_AREA": "PRISM", "USE_CASE": "PRISM_DI_3", "WAREHOUSE_NAME": "COM_US_PRISM_DI_WH3", "DOMAIN": "IM US"},{"APP_ID": "46074", "APP_NAME": "GLASSBOX", "COST_CENTER": "46074", "DESCRIPTION": "Used by Glassbox roles", "LAYER": "PUBLISH", "OWNER": "gb_ops_axtria_org_gbl@dl.mgd.novartis.com, CTS_GLASSBOX_PLATFORM_OPS_PRJ_GBL_GBL@dl.mgd.novartis.com, Lalit.Bhalla@novartis.com", "SUBJECT_AREA": "Alignment / Customer / Customer Master/ Customer Universe / Geography / Interaction / Product / Roster / Sales", "USE_CASE": "GLASSBOX", "WAREHOUSE_NAME": "COM_US_USODS_DQ_WH_L", "DOMAIN": "IM US"},{"APP_ID": "46074", "APP_NAME": "AWB", "COST_CENTER": "46074", "DESCRIPTION": "New Lab warehouses", "LAYER": "PUBLISH", "OWNER": "tachuan_robert.chen@novartis.com, nagarjuna.itte@novartis.com, jalpeshkumar.chavda@novartis.com,CTS_GLASSBOX_PLATFORM_OPS_PRJ_GBL_GBL@dl.mgd.novartis.com", "SUBJECT_AREA": "Alignment / Customer / Customer Master/ Customer Universe / Geography / Interaction / Product / Roster / Sales", "USE_CASE": "GLASSBOX", "WAREHOUSE_NAME": "COREPL_AURA_WH_M", "DOMAIN": "IM US"},{"APP_ID": "54008", "APP_NAME": "IM Data Mesh", "COST_CENTER": "868914", "DESCRIPTION": "Digital Tech Product Innovation - Techspike", "LAYER": "NA", "OWNER": "karun.pothacamury@novartis.com", "SUBJECT_AREA": "NA", "USE_CASE": "DATAMESH", "WAREHOUSE_NAME": "DATAMESHPLAT", "DOMAIN": "IM I"},{"APP_ID": "null", "APP_NAME": "null", "COST_CENTER": "null", "DESCRIPTION": "WH created by user: JIXIN@NOVARTIS.NET, on account: NVS4PRDEAST1, dated: Thu Apr 06 2023 15:30:47 GMT-0400 (Eastern Daylight Time).", "LAYER": "null", "OWNER": "xiukui.ji_ext@novartis.com", "SUBJECT_AREA": "null", "USE_CASE": "DICE", "WAREHOUSE_NAME": "DICE_WH_XS", "DOMAIN": "IM I"},{"APP_ID": "50632", "APP_NAME": "F1.AI.UC", "COST_CENTER": "W1-42763.1.01", "DESCRIPTION": "F1AI Platform related - reach out F1.AI_CoreTeam_PRJ <F1.AI_CoreTeam_PRJ@dl.mgd.novartis.com> for more information", "LAYER": "F1AI", "OWNER": "ciprian.viziteu@novartis.com", "SUBJECT_AREA": "DATA SCIENCE AND AI", "USE_CASE": "F1AI_USE_CASES", "WAREHOUSE_NAME": "DPWS0000533", "DOMAIN": "F1.AI"},{"APP_ID": "50632", "APP_NAME": "F1.AI.UC", "COST_CENTER": "W1-42763.1.01", "DESCRIPTION": "F1AI Platform related - reach out F1.AI_CoreTeam_PRJ <F1.AI_CoreTeam_PRJ@dl.mgd.novartis.com> for more information", "LAYER": "F1AI", "OWNER": "ciprian.viziteu@novartis.com", "SUBJECT_AREA": "DATA SCIENCE AND AI", "USE_CASE": "F1AI_USE_CASES", "WAREHOUSE_NAME": "F1AIPLAT", "DOMAIN": "F1.AI"},{"APP_ID": "091301", "APP_NAME": "Artemis CLIP", "COST_CENTER": "091301", "DESCRIPTION": "N/A", "LAYER": "Publish", "OWNER": "vinoth.manoharan@novartis.com", "SUBJECT_AREA": "N/A", "USE_CASE": "Artemis CLIP", "WAREHOUSE_NAME": "FOUNDRY_CLIP_WH_2X", "DOMAIN": "GDD"},{"APP_ID": "091301", "APP_NAME": "Artemis CLIP", "COST_CENTER": "091301", "DESCRIPTION": "N/A", "LAYER": "Publish", "OWNER": "vinoth.manoharan@novartis.com", "SUBJECT_AREA": "N/A", "USE_CASE": "Artemis CLIP", "WAREHOUSE_NAME": "FOUNDRY_CLIP_WH_2X_WH_M", "DOMAIN": "GDD"},{"APP_ID": "091301", "APP_NAME": "Artemis CLIP", "COST_CENTER": "091301", "DESCRIPTION": "N/A", "LAYER": "Publish", "OWNER": "vinoth.manoharan@novartis.com", "SUBJECT_AREA": "N/A", "USE_CASE": "Artemis CLIP", "WAREHOUSE_NAME": "FOUNDRY_CLIP_WH_M", "DOMAIN": "GDD"},{"APP_ID": "46376", "APP_NAME": "F1 Foundry", "COST_CENTER": "46376", "DESCRIPTION": "N/A", "LAYER": "Publish", "OWNER": "thierry.jeannelle@novartis.com", "SUBJECT_AREA": "N/A", "USE_CASE": "F1 Foundry", "WAREHOUSE_NAME": "FOUNDRY_DATA42_WH_2X", "DOMAIN": "GDD"},{"APP_ID": "46376", "APP_NAME": "F1 Foundry", "COST_CENTER": "46376", "DESCRIPTION": "N/A", "LAYER": "Publish", "OWNER": "thierry.jeannelle@novartis.com", "SUBJECT_AREA": "N/A", "USE_CASE": "F1 Foundry", "WAREHOUSE_NAME": "FOUNDRY_DATA42_WH_M", "DOMAIN": "GDD"},{"APP_ID": "50599", "APP_NAME": "LAUNCH360", "COST_CENTER": "091748", "DESCRIPTION": "An Optional Refinement layer will either duplicate the unified assets or apply further business rules and physicalize them as Snowflake tables", "LAYER": "PUBLISH", "OWNER": "helen.feng@novartis.com", "SUBJECT_AREA": "NA", "USE_CASE": "LAUNCH360", "WAREHOUSE_NAME": "FUSE_WH_M", "DOMAIN": "IM US"},{"APP_ID": "45879", "APP_NAME": "IDQ - Informatica", "COST_CENTER": "45879", "DESCRIPTION": "IDQ WH For refinement layer", "LAYER": "REFINEMENT", "OWNER": "amitesh.srivastava@novartis.com", "SUBJECT_AREA": "NA", "USE_CASE": "DQS", "WAREHOUSE_NAME": "IDQ_WH_M", "DOMAIN": "GF"},{"APP_ID": "46074", "APP_NAME": "Glassbox", "COST_CENTER": "092590/PRJ0177915", "DESCRIPTION": "WH created by user: GUREKMI1@NOVARTIS.NET, on account: NVS4PRDEAST1, dated: Tue May 30 2023 10:01:29 GMT-0400 (Eastern Daylight Time).", "LAYER": "Publish", "OWNER": "arsalan.khan@novartis.com", "SUBJECT_AREA": "Commercial", "USE_CASE": "IM_BEST_AURA", "WAREHOUSE_NAME": "IM_BEST_AURA_WH_L", "DOMAIN": "IM US"},{"APP_ID": "50599", "APP_NAME": "Launch360", "COST_CENTER": "50599", "DESCRIPTION": "onboarded by manoharan.nadar_ext@novartis.com", "LAYER": "REFINEMENT", "OWNER": "sanjoy.saha@novartis.com", "SUBJECT_AREA": "SUBJECT_AREA", "USE_CASE": "L360", "WAREHOUSE_NAME": "L360_WH_S", "DOMAIN": "IM US"},{"APP_ID": "50615", "APP_NAME": "Leap Data Analytics and Reporting", "COST_CENTER": "50615", "DESCRIPTION": "N/A", "LAYER": "Publish", "OWNER": "pradeep.raju@novartis.com", "SUBJECT_AREA": "N/A", "USE_CASE": "LEAPDM", "WAREHOUSE_NAME": "LEAPDM_COSENTYX_WH", "DOMAIN": "IM US"},{"APP_ID": "50599", "APP_NAME": "LEAP Patient Data Store", "COST_CENTER": "091748", "DESCRIPTION": "unify and aggregate the data and store in S3 and Snowflake", "LAYER": "PUBLISH", "OWNER": "justin.sherwood@novartis.com", "SUBJECT_AREA": "NA", "USE_CASE": "LEAPPDS", "WAREHOUSE_NAME": "LEAPPDS_WH_M", "DOMAIN": "IM US"},{"APP_ID": "50600", "APP_NAME": "US MM Insights", "COST_CENTER": "TBD", "DESCRIPTION": "Qlik warehouse for US Pharma Market Access/ US MM Insights", "LAYER": "Provisioning", "OWNER": "Geoffrey Woodall", "SUBJECT_AREA": "Market Access", "USE_CASE": "US MM Insights", "WAREHOUSE_NAME": "MA_QLIK_WH_S", "DOMAIN": "IM US"},{"APP_ID": "45879", "APP_NAME": "F1_ANALYTICS", "COST_CENTER": "45879", "DESCRIPTION": "Warehouse used from EBX to SF", "LAYER": "CONSOLIDATED", "OWNER": "rahul.venugopal_ext@novartis.com", "SUBJECT_AREA": "F1_PLATFORM", "USE_CASE": "F1_PLATFORM", "WAREHOUSE_NAME": "MONITOR_WH", "DOMAIN": "APD-DNP"},{"APP_ID": "46074", "APP_NAME": "NGE", "COST_CENTER": "091875", "DESCRIPTION": "NA", "LAYER": " Refinement", "OWNER": "arsalan.khan@novartis.com", "SUBJECT_AREA": "NA", "USE_CASE": "NGEDIGITAL", "WAREHOUSE_NAME": "NGE_CPM_WH_M", "DOMAIN": "IM US"},{"APP_ID": "52960", "APP_NAME": "SAPCDC", "COST_CENTER": "PRJ0177915", "DESCRIPTION": "NA", "LAYER": "REFINEMENT", "OWNER": "arsalan.khan@novartis.com", "SUBJECT_AREA": "ADVERTISING_AND_PROMOTION_MANAGEMENT", "USE_CASE": "NGE_DATORAMA", "WAREHOUSE_NAME": "NGE_DATORAMA_WH_M", "DOMAIN": "IM US"},{"APP_ID": "092638", "APP_NAME": "ONE PSP BI", "COST_CENTER": "092638", "DESCRIPTION": "This warehouse was created via Jenkins Job ID: 908 Started by user B, Kiran Kumar (Ext), BKI2", "LAYER": "REFINEMENT", "OWNER": "denis.ali@novartis.com", "SUBJECT_AREA": "CUSTOMER", "USE_CASE": "ONEPSP", "WAREHOUSE_NAME": "ONEPSP_WH_M", "DOMAIN": "IM I"},{"APP_ID": "45988", "APP_NAME": "PEACH", "COST_CENTER": "92072", "DESCRIPTION": "As a part of PUBLISH Layer", "LAYER": "PUBLISH", "OWNER": "hara.bobbili@novartis.com", "SUBJECT_AREA": "NA", "USE_CASE": "PEACH", "WAREHOUSE_NAME": "PEACH_WH_M", "DOMAIN": "IM I"},{"APP_ID": "50632", "APP_NAME": "F1.AI.UC", "COST_CENTER": "W1-42763.1.01", "DESCRIPTION": "F1AI Platform related - reach out F1.AI_CoreTeam_PRJ <F1.AI_CoreTeam_PRJ@dl.mgd.novartis.com> for more information", "LAYER": "F1AI", "OWNER": "ciprian.viziteu@novartis.com", "SUBJECT_AREA": "DATA SCIENCE AND AI", "USE_CASE": "F1AI_PLATFORM", "WAREHOUSE_NAME": "PWS0000139", "DOMAIN": "F1.AI"},{"APP_ID": "50632", "APP_NAME": "F1.AI.UC", "COST_CENTER": "W1-42763.1.01", "DESCRIPTION": "F1AI Platform related - reach out F1.AI_CoreTeam_PRJ <F1.AI_CoreTeam_PRJ@dl.mgd.novartis.com> for more information", "LAYER": "F1AI", "OWNER": "ciprian.viziteu@novartis.com", "SUBJECT_AREA": "DATA SCIENCE AND AI", "USE_CASE": "F1AI_USE_CASES", "WAREHOUSE_NAME": "PWS0000190", "DOMAIN": "F1.AI"},{"APP_ID": "50632", "APP_NAME": "F1.AI.UC", "COST_CENTER": "W1-42763.1.01", "DESCRIPTION": "F1AI Platform related - reach out F1.AI_CoreTeam_PRJ <F1.AI_CoreTeam_PRJ@dl.mgd.novartis.com> for more information", "LAYER": "F1AI", "OWNER": "ciprian.viziteu@novartis.com", "SUBJECT_AREA": "DATA SCIENCE AND AI", "USE_CASE": "F1AI_USE_CASES", "WAREHOUSE_NAME": "PWS0000209", "DOMAIN": "F1.AI"},{"APP_ID": "50632", "APP_NAME": "F1.AI.UC", "COST_CENTER": "W1-42763.1.01", "DESCRIPTION": "F1AI Platform related - reach out F1.AI_CoreTeam_PRJ <F1.AI_CoreTeam_PRJ@dl.mgd.novartis.com> for more information", "LAYER": "F1AI", "OWNER": "ciprian.viziteu@novartis.com", "SUBJECT_AREA": "DATA SCIENCE AND AI", "USE_CASE": "F1AI_USE_CASES", "WAREHOUSE_NAME": "PWS0000242", "DOMAIN": "F1.AI"},{"APP_ID": "50632", "APP_NAME": "F1.AI.UC", "COST_CENTER": "W1-42763.1.01", "DESCRIPTION": "F1AI Platform related - reach out F1.AI_CoreTeam_PRJ <F1.AI_CoreTeam_PRJ@dl.mgd.novartis.com> for more information", "LAYER": "F1AI", "OWNER": "ciprian.viziteu@novartis.com", "SUBJECT_AREA": "DATA SCIENCE AND AI", "USE_CASE": "F1AI_USE_CASES", "WAREHOUSE_NAME": "PWS0000253", "DOMAIN": "F1.AI"},{"APP_ID": "50632", "APP_NAME": "F1.AI.UC", "COST_CENTER": "W1-42763.1.01", "DESCRIPTION": "F1AI Platform related - reach out F1.AI_CoreTeam_PRJ <F1.AI_CoreTeam_PRJ@dl.mgd.novartis.com> for more information", "LAYER": "F1AI", "OWNER": "ciprian.viziteu@novartis.com", "SUBJECT_AREA": "DATA SCIENCE AND AI", "USE_CASE": "F1AI_USE_CASES", "WAREHOUSE_NAME": "PWS0000257", "DOMAIN": "F1.AI"},{"APP_ID": "50632", "APP_NAME": "F1.AI.UC", "COST_CENTER": "W1-42763.1.01", "DESCRIPTION": "F1AI Platform related - reach out F1.AI_CoreTeam_PRJ <F1.AI_CoreTeam_PRJ@dl.mgd.novartis.com> for more information", "LAYER": "F1AI", "OWNER": "ciprian.viziteu@novartis.com", "SUBJECT_AREA": "DATA SCIENCE AND AI", "USE_CASE": "F1AI_USE_CASES", "WAREHOUSE_NAME": "PWS0000262", "DOMAIN": "F1.AI"},{"APP_ID": "50632", "APP_NAME": "F1.AI.UC", "COST_CENTER": "W1-42763.1.01", "DESCRIPTION": "F1AI Platform related - reach out F1.AI_CoreTeam_PRJ <F1.AI_CoreTeam_PRJ@dl.mgd.novartis.com> for more information", "LAYER": "F1AI", "OWNER": "ciprian.viziteu@novartis.com", "SUBJECT_AREA": "DATA SCIENCE AND AI", "USE_CASE": "F1AI_USE_CASES", "WAREHOUSE_NAME": "PWS0000270", "DOMAIN": "F1.AI"},{"APP_ID": "50632", "APP_NAME": "F1.AI.UC", "COST_CENTER": "W1-42763.1.01", "DESCRIPTION": "F1AI Platform related - reach out F1.AI_CoreTeam_PRJ <F1.AI_CoreTeam_PRJ@dl.mgd.novartis.com> for more information", "LAYER": "F1AI", "OWNER": "ciprian.viziteu@novartis.com", "SUBJECT_AREA": "DATA SCIENCE AND AI", "USE_CASE": "F1AI_USE_CASES", "WAREHOUSE_NAME": "PWS0000292", "DOMAIN": "F1.AI"},{"APP_ID": "50632", "APP_NAME": "F1.AI.UC", "COST_CENTER": "W1-42763.1.01", "DESCRIPTION": "F1AI Platform related - reach out F1.AI_CoreTeam_PRJ <F1.AI_CoreTeam_PRJ@dl.mgd.novartis.com> for more information", "LAYER": "F1AI", "OWNER": "ciprian.viziteu@novartis.com", "SUBJECT_AREA": "DATA SCIENCE AND AI", "USE_CASE": "F1AI_USE_CASES", "WAREHOUSE_NAME": "PWS0000341", "DOMAIN": "F1.AI"},{"APP_ID": "50632", "APP_NAME": "F1.AI.UC", "COST_CENTER": "W1-42763.1.01", "DESCRIPTION": "F1AI Platform related - reach out F1.AI_CoreTeam_PRJ <F1.AI_CoreTeam_PRJ@dl.mgd.novartis.com> for more information", "LAYER": "F1AI", "OWNER": "ciprian.viziteu@novartis.com", "SUBJECT_AREA": "DATA SCIENCE AND AI", "USE_CASE": "F1AI_USE_CASES", "WAREHOUSE_NAME": "PWS0000357", "DOMAIN": "F1.AI"},{"APP_ID": "50632", "APP_NAME": "F1.AI.UC", "COST_CENTER": "W1-42763.1.01", "DESCRIPTION": "F1AI Platform related - reach out F1.AI_CoreTeam_PRJ <F1.AI_CoreTeam_PRJ@dl.mgd.novartis.com> for more information", "LAYER": "F1AI", "OWNER": "ciprian.viziteu@novartis.com", "SUBJECT_AREA": "DATA SCIENCE AND AI", "USE_CASE": "F1AI_USE_CASES", "WAREHOUSE_NAME": "PWS0000366", "DOMAIN": "F1.AI"},{"APP_ID": "50632", "APP_NAME": "F1.AI.UC", "COST_CENTER": "W1-42763.1.01", "DESCRIPTION": "F1AI Platform related - reach out F1.AI_CoreTeam_PRJ <F1.AI_CoreTeam_PRJ@dl.mgd.novartis.com> for more information", "LAYER": "F1AI", "OWNER": "ciprian.viziteu@novartis.com", "SUBJECT_AREA": "DATA SCIENCE AND AI", "USE_CASE": "F1AI_USE_CASES", "WAREHOUSE_NAME": "PWS0000375", "DOMAIN": "F1.AI"},{"APP_ID": "50632", "APP_NAME": "F1.AI.UC", "COST_CENTER": "W1-42763.1.01", "DESCRIPTION": "F1AI Platform related - reach out F1.AI_CoreTeam_PRJ <F1.AI_CoreTeam_PRJ@dl.mgd.novartis.com> for more information", "LAYER": "F1AI", "OWNER": "ciprian.viziteu@novartis.com", "SUBJECT_AREA": "DATA SCIENCE AND AI", "USE_CASE": "F1AI_USE_CASES", "WAREHOUSE_NAME": "PWS0000384", "DOMAIN": "F1.AI"},{"APP_ID": "50632", "APP_NAME": "F1.AI.UC", "COST_CENTER": "W1-42763.1.01", "DESCRIPTION": "F1AI Platform related - reach out F1.AI_CoreTeam_PRJ <F1.AI_CoreTeam_PRJ@dl.mgd.novartis.com> for more information", "LAYER": "F1AI", "OWNER": "ciprian.viziteu@novartis.com", "SUBJECT_AREA": "DATA SCIENCE AND AI", "USE_CASE": "F1AI_USE_CASES", "WAREHOUSE_NAME": "PWS0000403", "DOMAIN": "F1.AI"},{"APP_ID": "50632", "APP_NAME": "F1.AI.UC", "COST_CENTER": "W1-42763.1.01", "DESCRIPTION": "F1AI Platform related - reach out F1.AI_CoreTeam_PRJ <F1.AI_CoreTeam_PRJ@dl.mgd.novartis.com> for more information", "LAYER": "F1AI", "OWNER": "ciprian.viziteu@novartis.com", "SUBJECT_AREA": "DATA SCIENCE AND AI", "USE_CASE": "F1AI_USE_CASES", "WAREHOUSE_NAME": "PWS0000450", "DOMAIN": "F1.AI"},{"APP_ID": "50632", "APP_NAME": "F1.AI.UC", "COST_CENTER": "W1-42763.1.01", "DESCRIPTION": "F1AI Platform related - reach out F1.AI_CoreTeam_PRJ <F1.AI_CoreTeam_PRJ@dl.mgd.novartis.com> for more information", "LAYER": "F1AI", "OWNER": "ciprian.viziteu@novartis.com", "SUBJECT_AREA": "DATA SCIENCE AND AI", "USE_CASE": "F1AI_USE_CASES", "WAREHOUSE_NAME": "PWS0000451", "DOMAIN": "F1.AI"},{"APP_ID": "50632", "APP_NAME": "F1.AI.UC", "COST_CENTER": "W1-42763.1.01", "DESCRIPTION": "F1AI Platform related - reach out F1.AI_CoreTeam_PRJ <F1.AI_CoreTeam_PRJ@dl.mgd.novartis.com> for more information", "LAYER": "F1AI", "OWNER": "ciprian.viziteu@novartis.com", "SUBJECT_AREA": "DATA SCIENCE AND AI", "USE_CASE": "F1AI_USE_CASES", "WAREHOUSE_NAME": "PWS0000478", "DOMAIN": "F1.AI"},{"APP_ID": "50632", "APP_NAME": "F1.AI.UC", "COST_CENTER": "W1-42763.1.01", "DESCRIPTION": "F1AI Platform related - reach out F1.AI_CoreTeam_PRJ <F1.AI_CoreTeam_PRJ@dl.mgd.novartis.com> for more information", "LAYER": "F1AI", "OWNER": "ciprian.viziteu@novartis.com", "SUBJECT_AREA": "DATA SCIENCE AND AI", "USE_CASE": "F1AI_USE_CASES", "WAREHOUSE_NAME": "PWS0000525", "DOMAIN": "F1.AI"},{"APP_ID": "50632", "APP_NAME": "F1.AI.UC", "COST_CENTER": "W1-42763.1.01", "DESCRIPTION": "F1AI Platform related - reach out F1.AI_CoreTeam_PRJ <F1.AI_CoreTeam_PRJ@dl.mgd.novartis.com> for more information", "LAYER": "F1AI", "OWNER": "ciprian.viziteu@novartis.com", "SUBJECT_AREA": "DATA SCIENCE AND AI", "USE_CASE": "F1AI_USE_CASES", "WAREHOUSE_NAME": "PWS0000533", "DOMAIN": "F1.AI"},{"APP_ID": "50632", "APP_NAME": "F1.AI.UC", "COST_CENTER": "W1-42763.1.01", "DESCRIPTION": "F1AI Platform related - reach out F1.AI_CoreTeam_PRJ <F1.AI_CoreTeam_PRJ@dl.mgd.novartis.com> for more information", "LAYER": "F1AI", "OWNER": "ciprian.viziteu@novartis.com", "SUBJECT_AREA": "DATA SCIENCE AND AI", "USE_CASE": "F1AI_USE_CASES", "WAREHOUSE_NAME": "PWS0000544", "DOMAIN": "F1.AI"},{"APP_ID": "50632", "APP_NAME": "F1.AI.UC", "COST_CENTER": "W1-42763.1.01", "DESCRIPTION": "F1AI Platform related - reach out F1.AI_CoreTeam_PRJ <F1.AI_CoreTeam_PRJ@dl.mgd.novartis.com> for more information", "LAYER": "F1AI", "OWNER": "ciprian.viziteu@novartis.com", "SUBJECT_AREA": "DATA SCIENCE AND AI", "USE_CASE": "F1AI_USE_CASES", "WAREHOUSE_NAME": "PWS0000590", "DOMAIN": "F1.AI"},{"APP_ID": "50632", "APP_NAME": "F1.AI.UC", "COST_CENTER": "W1-42763.1.01", "DESCRIPTION": "F1AI Platform related - reach out F1.AI_CoreTeam_PRJ <F1.AI_CoreTeam_PRJ@dl.mgd.novartis.com> for more information", "LAYER": "F1AI", "OWNER": "ciprian.viziteu@novartis.com", "SUBJECT_AREA": "DATA SCIENCE AND AI", "USE_CASE": "F1AI_USE_CASES", "WAREHOUSE_NAME": "PWS0000624", "DOMAIN": "F1.AI"},{"APP_ID": "50632", "APP_NAME": "F1.AI.UC", "COST_CENTER": "W1-42763.1.01", "DESCRIPTION": "F1AI Platform related - reach out F1.AI_CoreTeam_PRJ <F1.AI_CoreTeam_PRJ@dl.mgd.novartis.com> for more information", "LAYER": "F1AI", "OWNER": "ciprian.viziteu@novartis.com", "SUBJECT_AREA": "DATA SCIENCE AND AI", "USE_CASE": "F1AI_USE_CASES", "WAREHOUSE_NAME": "PWS0000635", "DOMAIN": "F1.AI"},{"APP_ID": "50632", "APP_NAME": "F1.AI.UC", "COST_CENTER": "W1-42763.1.01", "DESCRIPTION": "F1AI Platform related - reach out F1.AI_CoreTeam_PRJ <F1.AI_CoreTeam_PRJ@dl.mgd.novartis.com> for more information", "LAYER": "F1AI", "OWNER": "ciprian.viziteu@novartis.com", "SUBJECT_AREA": "DATA SCIENCE AND AI", "USE_CASE": "F1AI_USE_CASES", "WAREHOUSE_NAME": "PWS0000649", "DOMAIN": "F1.AI"},{"APP_ID": "50632", "APP_NAME": "F1.AI.UC", "COST_CENTER": "W1-42763.1.01", "DESCRIPTION": "F1AI Platform related - reach out F1.AI_CoreTeam_PRJ <F1.AI_CoreTeam_PRJ@dl.mgd.novartis.com> for more information", "LAYER": "F1AI", "OWNER": "ciprian.viziteu@novartis.com", "SUBJECT_AREA": "DATA SCIENCE AND AI", "USE_CASE": "F1AI_USE_CASES", "WAREHOUSE_NAME": "PWS0000684", "DOMAIN": "F1.AI"},{"APP_ID": "45185", "APP_NAME": "RMDataLake", "COST_CENTER": "45185", "DESCRIPTION": "As part of publish layer", "LAYER": "REFINEMENT", "OWNER": "deepa.vashishtha@novartis.com", "SUBJECT_AREA": "MARKET_ACCESS", "USE_CASE": "RMHERMES", "WAREHOUSE_NAME": "RMHERMES_WH_M", "DOMAIN": "IM I"},{"APP_ID": "45185", "APP_NAME": "RMDataLake", "COST_CENTER": "45185", "DESCRIPTION": "As part of publish layer", "LAYER": "REFINEMENT", "OWNER": "deepa.vashishtha@novartis.com", "SUBJECT_AREA": "MARKET_ACCESS", "USE_CASE": "RMHERMES", "WAREHOUSE_NAME": "RMHERMES_WH_S", "DOMAIN": "IM I"},{"APP_ID": "50482", "APP_NAME": "Sandoz Data and Analytics Hub", "COST_CENTER": "091366", "DESCRIPTION": "NA", "LAYER": "Refinement, Publish", "OWNER": "aleksei.inozemtcev_ext@novartis.com", "SUBJECT_AREA": "SALES, PRODUCT,  CUSTOMER, ROSTER, KEY_ACCOUNT_MANAGEMENT,  ALIGNMENT, INTERACTION_PLANNING, EMPLOYEE_FIELDFORCE_ACTION", "USE_CASE": "SDAH", "WAREHOUSE_NAME": "SDAH_WH_M", "DOMAIN": "Sandoz"},{"APP_ID": "46074", "APP_NAME": "AWB", "COST_CENTER": "46074", "DESCRIPTION": "New Lab warehouses", "LAYER": "PUBLISH", "OWNER": "tachuan_robert.chen@novartis.com, nagarjuna.itte@novartis.com, jalpeshkumar.chavda@novartis.com,CTS_GLASSBOX_PLATFORM_OPS_PRJ_GBL_GBL@dl.mgd.novartis.com", "SUBJECT_AREA": "Alignment / Customer / Customer Master/ Customer Universe / Geography / Interaction / Product / Roster / Sales", "USE_CASE": "GLASSBOX", "WAREHOUSE_NAME": "SNOWFLAKE_PRJ_FFO_AURA_WH_M", "DOMAIN": "IM US"},{"APP_ID": "50495", "APP_NAME": "FormulaOne AWS - US region", "COST_CENTER": "WBS: 1-42763.1.03 F1/EDM \u2013 The Platform 2022 EDM", "DESCRIPTION": "N/A", "LAYER": "N/A", "OWNER": "ashish_kumar.sinha@novartis.com", "SUBJECT_AREA": "NA", "USE_CASE": "EDMDE", "WAREHOUSE_NAME": "STTM_WH", "DOMAIN": "GF"},{"APP_ID": "46074", "APP_NAME": "AWB", "COST_CENTER": "46074", "DESCRIPTION": "New Lab warehouses", "LAYER": "PUBLISH", "OWNER": "tachuan_robert.chen@novartis.com, nagarjuna.itte@novartis.com, jalpeshkumar.chavda@novartis.com,CTS_GLASSBOX_PLATFORM_OPS_PRJ_GBL_GBL@dl.mgd.novartis.com", "SUBJECT_AREA": "Alignment / Customer / Customer Master/ Customer Universe / Geography / Interaction / Product / Roster / Sales", "USE_CASE": "GLASSBOX", "WAREHOUSE_NAME": "TEMP_LAB_WAREHOUSE", "DOMAIN": "IM US"},{"APP_ID": "45879", "APP_NAME": "F1_PLATFORM", "COST_CENTER": "45879", "DESCRIPTION": "Used for one off projects", "LAYER": "NA", "OWNER": "rahul.venugopal_ext@novartis.com", "SUBJECT_AREA": "NA", "USE_CASE": "F1_PLATFORM", "WAREHOUSE_NAME": "TESTING_WH", "DOMAIN": "APD-DNP"},{"APP_ID": "91875", "APP_NAME": "VOYAGER", "COST_CENTER": "091875", "DESCRIPTION": "Used for one off projects", "LAYER": "NA", "OWNER": "christopher_m.clark_ext@novartis.com", "SUBJECT_AREA": "NA", "USE_CASE": "NGE", "WAREHOUSE_NAME": "VOYAGER_WH_M", "DOMAIN": "IM US"},{"APP_ID": "50632", "APP_NAME": "F1.AI.UC", "COST_CENTER": "W1-42763.1.01", "DESCRIPTION": "F1AI Platform related - reach out F1.AI_CoreTeam_PRJ <F1.AI_CoreTeam_PRJ@dl.mgd.novartis.com> for more information", "LAYER": "F1AI", "OWNER": "ciprian.viziteu@novartis.com", "SUBJECT_AREA": "DATA SCIENCE AND AI", "USE_CASE": "F1AI_USE_CASES", "WAREHOUSE_NAME": "VPWS0000533", "DOMAIN": "F1.AI"},{"APP_ID": "50632", "APP_NAME": "F1.AI.UC", "COST_CENTER": "W1-42763.1.01", "DESCRIPTION": "F1AI Platform related - reach out F1.AI_CoreTeam_PRJ <F1.AI_CoreTeam_PRJ@dl.mgd.novartis.com> for more information", "LAYER": "F1AI", "OWNER": "ciprian.viziteu@novartis.com", "SUBJECT_AREA": "DATA SCIENCE AND AI", "USE_CASE": "F1AI_USE_CASES", "WAREHOUSE_NAME": "WS0000454", "DOMAIN": "F1.AI"}]

